"codigo","descritor_do_codigo","fase_corrente_ano","fase_corrente_desc","fase_intermediaria_ano","fase_intermediaria_desc","destinacao_final_ano","destinacao_final_desc","observacoes_ano","observacoes_desc"
"000","ADMINISTRAÇÃO GERAL","","","","","","","",""
"001","RELAÇÃO INTERINSTITUCIONAL","","Enquanto vigora","","20 anos","","Guarda permanente","",""
"002","ATENDIMENTO AO CIDADÃO","","","","","","","",""
"002.01","NORMATIZAÇÃO. REGULAMENTAÇÃO","","Enquanto vigora","","5 anos","","Guarda permanente","",""
"002.1","ACESSO À INFORMAÇÃO","","","","","","","",""
"002.11","PEDIDO DE ACESSO À INFORMAÇÃO E RECURSO","","Até o término do atendimento*","","5 anos","","Eliminação","","* Aguardar o resultado do provimento do recurso em última instância, no caso de indeferimento do pedido de acesso."
"002.12","ACOMPANHAMENTO DO ATENDIMENTO AO CIDADÃO","","2 anos","","–","","Guarda permanente","","Eliminar, após 2 anos, os documentos cujas informações estejam recapituladas ou consolidadas em outros."
"002.2","CONTROLE DE SATISFAÇÃO DO USUÁRIO","","2 anos","","–","","Eliminação","",""
"003","CONTROLE E FISCALIZAÇÃO DA GESTÃO PÚBLICA","","","","","","Eliminar, após 2 anos, os documentos cujas informações estejam recapituladas ou consolidadas em outros.","",""
"003.01","NORMATIZAÇÃO. REGULAMENTAÇÃO","","Enquanto vigora","","5 anos","","Guarda permanente","",""
"003.1","CONTROLE INTERNO. AUDITORIA INTERNA","","5 anos","","9 anos","","Guarda permanente","",""
"003.2","AÇÃO PREVENTIVA","","5 anos","","9 anos","","Guarda permanente","",""
"003.3","CORREIÇÃO","","5 anos","","9anos","","Guarda permanente","",""
"004","ASSESSORAMENTO JURÍDICO","","","","","","","",""
"004.1","ORIENTAÇÃO TÉCNICA E NORMATIVA","","","","","","","",""
"004.11","UNIFORMIZAÇÃO DO ENTENDIMENTO JURÍDICO","","Enquanto vigora","","5 anos","","Guarda permanente","",""
"004.12","ANÁLISE DOS INSTRUMENTOS ADMINISTRATIVOS","","Até o término da análise","","5 anos","","Eliminação","",""
"004.2","ATUAÇÃO EM CONTENCIOSO","","","","","","","",""
"004.21","REPRESENTAÇÃO EXTRAJUDICIAL","","Até a solução do litígio","","5 anos","","Guarda permanente","",""
"004.22","REPRESENTAÇÃO JUDICIAL","","Até o trânsito em julgado","","5 anos","","Guarda permanente","",""
"005","PARTICIPAÇÃO EM ÓRGÃOS COLEGIADOS","","","","","","","",""
"005.1","CRIAÇÃO E ATUAÇÃO","","4 anos","","5 anos","","Guarda permanente","",""
"005.2","OPERACIONALIZAÇÃO DE REUNIÕES","","2 anos","","–","","Eliminação","",""
"010","ORGANIZAÇÃO E FUNCIONAMENTO","","","","","","","",""
"010.01","NORMATIZAÇÃO. REGULAMENTAÇÃO","","Enquanto vigora","","5 anos","","Guarda permanente","",""
"011","ORGANIZAÇÃO ADMINISTRATIVA","","Enquanto vigora","","5 anos","","Guarda permanente","","Eliminar, após 2 anos, os estudos preliminares ou as versões não implementadas das mudanças estruturais."
"012","HABILITAÇÃO JURÍDICA E REGULARIZAÇÃO FISCAL","","Enquanto vigora","","2 anos","","Eliminação","",""
"013","COORDENAÇÃO E GESTÃO DE REUNIÕES","","","","","","","",""
"013.1","OPERACIONALIZAÇÃO","","2 anos","","–","","Eliminação","",""
"013.2","REGISTRO DE DELIBERAÇÕES","","4 anos","","5 anos","","Guarda permanente","",""
"014","PREENCHIMENTO DE FUNÇÃO DE DIREÇÃO","","","","","","","",""
"014.1","NOMEAÇÃO E ATUAÇÃO DA COMISSÃO ELEITORAL","","Até a homologação do evento","","1 ano","","Guarda permanente","",""
"014.2","INSCRIÇÃO","","Até a homologação do evento","","1 ano","","Eliminação","",""
"014.3","VOTAÇÃO","","Até a homologação do evento","","1 ano","","Guarda permanente","","Eliminar, após 2 anos da homologação do evento, as cédulas de votação."
"014.4","DIVULGAÇÃO DOS RESULTADOS E INTERPOSIÇÃO DE RECURSOS","","Até a homologação do evento","","1 ano","","Guarda permanente","","* Aguardar o término da ação, no caso de interposição de recursos. Eliminar, após 2 anos da homologação do evento, os documentos de recursos indeferidos."
"015","GESTÃO INSTITUCIONAL","","","","","","","",""
"015.1","PLANEJAMENTO INSTITUCIONAL","","5 anos","","9 anos","","Guarda permanente","",""
"015.2","ACOMPANHAMENTO DAS ATIVIDADES","","5 anos","","9 anos","","Guarda permanente","","Eliminar, após 2 anos, os documentos cujas informações encontram-se recapituladas ou consolidadas em outros."
"015.3","AVALIAÇÃO DA GESTÃO INSTITUCIONAL","","","","","","Eliminar, após 2 anos, os documentos cujas informações encontram-se recapituladas ou consolidadas em outros.","",""
"015.31","ELABORAÇÃO DOS INSTRUMENTOS DE AVALIAÇÃO","","5 anos","","9 anos","","Guarda permanente","",""
"015.32","EXECUÇÃO E ACOMPANHAMENTO","","5 anos","","9 anos","","Guarda permanente","",""
"015.33","CERTIFICAÇÃO DA CONFORMIDADE","","5 anos","","9 anos","","Guarda permanente","",""
"016","GESTÃO DE PROCESSOS","","","","","","","",""
"016.1","PLANEJAMENTO DO MAPEAMENTO DE PROCESSOS","","5 anos","","9 anos","","Guarda permanente","",""
"016.2","EXECUÇÃO E ACOMPANHAMENTO","","5 anos","","9 anos","","Eliminação","",""
"016.3","RESULTADO","","5 anos","","9 anos","","Guarda permanente","","Eliminar, após 2 anos, os documentos cujas informações encontram-se recapituladas ou consolidadas em outros."
"016.4","MODELAGEM DE PROCESSOS","","5 anos","","9 anos","","Guarda permanente","",""
"016.5","GERENCIAMENTO DE DESEMPENHO","","5 anos","","9 anos","","Guarda permanente","","Eliminar, após 2 anos, os documentos cujas informações encontram-se recapituladas ou consolidadas em outros."
"017","GESTÃO AMBIENTAL","","","","","","","",""
"017.1","PROTEÇÃO AMBIENTAL INTERNA","","Enquanto vigora o evento","","2 anos","","Eliminação","","Arquivar um exemplar do material de divulgação produzido para cada evento."
"017.2","PROTEÇÃO AMBIENTAL EXTERNA","","5 anos","","9 anos","","Guarda permanente","","Eliminar, após 2 anos, os documentos cujas informações encontram-se recapituladas ou consolidadas em outros."
"018","CONTRATAÇÃO DE PRESTAÇÃO DE SERVIÇOS","","Até a aprovação das contas pelo Tribunal de Contas*","","5 anos a contar da aprovação das contas pelo Tribunal de Contas**","","Eliminação","","* ou até a apresentação do Relatório de Gestão ** ou 10 anos a contar da apresentação do Relatório de Gestão Eliminar, após 2 anos, os documentos referentes às contratações não efetivadas."
"019","OUTRAS AÇÕES REFERENTES À ORGANIZAÇÃO E FUNCIONAMENTO","","","","","","","",""
"019.1","COMUNICAÇÃO SOCIAL","","","","","","","",""
"019.11","COMUNICAÇÃO EXTERNA","","","","","","","",""
"019.111","CREDENCIAMENTO DE JORNALISTAS","","Enquanto vigora","","1 ano","","Eliminação","",""
"019.112","RELAÇÃO COM A IMPRENSA","","1 ano","","–","","Eliminação","","Arquivar os documentos cujas informações reflitam a política do órgão ou entidade."
"019.113","ELABORAÇÃO DE CAMPANHAS PUBLICITÁRIAS","","4 anos","","10 anos","","Guarda permanente","",""
"019.12","COMUNICAÇÃO INTERNA","","2 anos","","–","","Eliminação","","Arquivar os documentos cujas informações reflitam a política do órgão ou entidade."
"019.2","AÇÃO DE RESPONSABILIDADE SOCIAL","","5 anos","","9 anos","","Guarda permanente","","Eliminar, após 2 anos, os documentos cujas informações encontram-se recapituladas ou consolidadas em outros."
"020","GESTÃO DE PESSOAS","","","","","","","",""
"020.01","NORMATIZAÇÃO. REGULAMENTAÇÃO","","Enquanto vigora","","5 anos","","Guarda permanente","",""
"020.02","IMPLEMENTAÇÃO DAS POLÍTICAS DE PESSOAL","","","","","","","",""
"020.021","PLANEJAMENTO DA FORÇA DE TRABALHO. PREVISÃO DE PESSOAL","","5 anos","","5 anos","","Guarda permanente","",""
"020.022","CRIAÇÃO, EXTINÇÃO, CLASSIFICAÇÃO, TRANSFORMAÇÃO E TRANSPOSIÇÃO DE CARGOS E DE CARREIRAS","","5 anos","","5 anos","","Guarda permanente","",""
"020.03","RELACIONAMENTO COM ENTIDADES REPRESENTATIVAS DE CLASSES","","","","","","","",""
"020.031","RELAÇÃO COM SINDICATOS","","5 anos","","5 anos","","Guarda permanente","",""
"020.032","MOVIMENTOS REIVINDICATÓRIOS. GREVES. PARALISAÇÕES","","5 anos","","5 anos","","Guarda permanente","",""
"020.033","RELAÇÃO COM CONSELHOS PROFISSIONAIS","","2 anos","","–","","","","Eliminação"
"020.1","ASSENTAMENTO FUNCIONAL","","","","","","","",""
"020.11","SERVIDORES E EMPREGADOS PÚBLICOS","","Enquanto o servidor mantiver o vínculo com a administração pública","","*","","Eliminação","","* Transferir os documentos para fase intermediária após o  término  do  vínculo,  sendo  o  prazo  total  de  guarda  dos documentos de 100 anos."
"020.12","SERVIDORES TEMPORÁRIOS","","Enquanto o servidor mantiver o vínculo com a administração pública","","*","","Eliminação","","* Transferir os documentos para fase intermediária após o  término  do  vínculo,  sendo  o  prazo  total  de  guarda  dos documentos de 100 anos."
"020.13","RESIDENTES E ESTAGIÁRIOS","","Enquanto o servidor mantiver o vínculo com a administração pública","","*","","Eliminação","","* Transferir os documentos para fase intermediária após o término do vínculo, sendo o prazo total de guarda dos documentos de 100 anos."
"020.14","OCUPANTES DE CARGO COMISSIONADO E DE FUNÇÃO DE CONFIANÇA","","Enquanto o servidor mantiver o vínculo com a administração pública","","*","","Eliminação","","* Transferir os documentos para fase intermediária após o término do vínculo, sendo o prazo total de guarda dos documentos de 100 anos."
"020.2","IDENTIFICAÇÃO FUNCIONAL","","Enquanto o servidor mantiver o vínculo com a administração pública","","–","","Eliminação","",""
"021","RECRUTAMENTO E SELEÇÃO","","","","","","","",""
"021.1","PLANEJAMENTO DO PROCESSO SELETIVO","","Até a homologação do evento","","2 anos","","Guarda permanente","",""
"021.2","INSCRIÇÃO","","Até a homologação do evento*","","2 anos","","Eliminação","","* Aguardar o término da ação, no caso de interposição de recursos."
"021.3","CONTROLE DE APLICAÇÃO DE PROVAS","","Até a homologação do evento*","","2 anos","","Eliminação","","* Aguardar o término da ação, no caso de interposição de recursos."
"021.4","CORREÇÃO DE PROVAS. AVALIAÇÃO","","Até a homologação do evento*","","2 anos","","Eliminação","","* Aguardar o término da ação, no caso de interposição de recursos."
"021.5","DIVULGAÇÃO DOS RESULTADOS E INTERPOSIÇÃO DE RECURSOS","","Até a homologação do evento*","","2 anos","","Guarda permanente","","* Aguardar o término da ação, no caso de interposição de recursos. Eliminar, após 2 anos da homologação do evento, os documentos de recursos indeferidos."
"022","PROVIMENTO, MOVIMENTAÇÃO E VACÂNCIA","","","","","","","",""
"022.1","PROVIMENTO DE CARGO PÚBLICO","","5 anos","","52 anos","","Eliminação","",""
"022.2","MOVIMENTAÇÃO DE PESSOAL","","","","","","","",""
"022.21","LOTAÇÃO, EXERCÍCIO E PERMUTA","","4 anos","","5 anos","","Eliminação","",""
"022.22","CESSÃO. REQUISIÇÃO","","5 anos","","52 anos","","Eliminação","",""
"022.3","REMOÇÃO","","4 anos","","5 anos","","Eliminação","",""
"022.4","REDISTRIBUIÇÃO","","5 anos","","52 anos","","Eliminação","",""
"022.5","SUBSTITUIÇÃO","","5 anos","","52 anos","","Eliminação","",""
"022.6","AVALIAÇÃO DE DESEMPENHO","","","","","","","",""
"022.61","CUMPRIMENTO DE ESTÁGIO PROBATÓRIO. HOMOLOGAÇÃO DA ESTABILIDADE.","","5 anos","","52 anos","","Eliminação","",""
"022.62","CUMPRIMENTO DE PERÍODO DE EXPERIÊNCIA","","5 anos","","52 anos","","Eliminação","",""
"022.63","PROMOÇÃO E PROGRESSÃO FUNCIONAL","","5 anos","","52 anos","","Eliminação","",""
"022.7","VACÂNCIA","","5 anos","","52 anos","","Eliminação","",""
"023","CONCESSÃO DE DIREITOS E VANTAGENS","","","","","","","",""
"023.1","PAGAMENTO DE VENCIMENTOS. REMUNERAÇÕES. SALÁRIOS. PROVENTOS","","","","","","","",""
"023.11","FOLHAS DE PAGAMENTO","","5 anos","","95 anos","","Eliminação","",""
"023.12","REESTRUTURAÇÃO E ALTERAÇÃO SALARIAL","","5 anos","","52 anos","","Eliminação","",""
"023.13","ABONO PROVISÓRIO","","7 anos","","–","","Eliminação","",""
"023.14","ABONO DE PERMANÊNCIA EM SERVIÇO","","Até a homologação da aposentadoria","","–","","Eliminação","",""
"023.15","GRATIFICAÇÕES","","","","","","","",""
"023.151","FUNÇÃO","","5 anos","","52 anos","","Eliminação","",""
"023.152","JETONS","","7 anos","","–","","Eliminação","",""
"023.153","CARGOS EM COMISSÃO","","5 anos","","52 anos","","Eliminação","",""
"023.154","NATALINA. DÉCIMO TERCEIRO SALÁRIO","","7 anos","","–","","Eliminação","",""
"023.155","DESEMPENHO","","5 anos","","52 anos","","Eliminação","",""
"023.156","ENCARGO DE CURSO E CONCURSO","","7 anos","","–","","Eliminação","",""
"023.157","TITULAÇÃO","","5 anos","","52 anos","","Eliminação","",""
"023.16","ADICIONAIS","","","","","","","",""
"023.161","TEMPO DE SERVIÇO","","5 anos","","52 anos","","Eliminação","",""
"023.162","NOTURNO","","5 anos","","52 anos","","Eliminação","",""
"023.163","PERICULOSIDADE","","5 anos","","52 anos","","Eliminação","",""
"023.164","INSALUBRIDADE","","5 anos","","52 anos","","Eliminação","",""
"023.165","ATIVIDADE PENOSA","","5 anos","","52 anos","","Eliminação","",""
"023.166","SERVIÇO EXTRAORDINÁRIO. HORAS EXTRAS","","5 anos","","52 anos","","Eliminação","",""
"023.167","UM TERÇO DE FÉRIAS. ABONO PECUNIÁRIO","","7 anos","","–","","Eliminação","",""
"023.17","DESCONTOS","","","","","","","",""
"023.171","CONTRIBUIÇÃO SINDICAL, ASSISTENCIAL E CONFEDERATIVA","","7 anos","","–","","Eliminação","",""
"023.172","CONTRIBUIÇÃO PARA O PLANO DE SEGURIDADE SOCIAL","","5 anos","","52 anos","","Eliminação","",""
"023.173","IMPOSTO DE RENDA RETIDO NA FONTE (IRRF)","","7 anos","","-","","Eliminação","",""
"023.174","PENSÃO ALIMENTÍCIA","","5 anos","","95 anos","","Eliminação","",""
"023.175","CONSIGNAÇÕES FACULTATIVAS","","Enquanto vigora a consignação","","7 anos","","Eliminação","",""
"023.18","OBRIGAÇÕES TRABALHISTAS E ESTATUTÁRIAS, ENCARGOS PATRONAIS E RECOLHIMENTOS","","","","","","","",""
"023.181","PROGRAMA DE FORMAÇÃO DO PATRIMÔNIO DO SERVIDOR PÚBLICO (PASEP). PROGRAMA DE INTEGRAÇÃO SOCIAL (PIS)","","5 anos","","5 anos","","Eliminação","",""
"023.182","FUNDO DE GARANTIA DO TEMPO DE SERVIÇO (FGTS)","","5 anos","","52 anos","","Eliminação","",""
"023.183","CONTRIBUIÇÃO SINDICAL DO EMPREGADOR","","7 anos","","–","","Eliminação","",""
"023.184","CONTRIBUIÇÃO PARA O PLANO DE SEGURIDADE SOCIAL","","5 anos","","95 anos","","Eliminação","",""
"023.185","IMPOSTO DE RENDA","","7 anos","","–","","Eliminação","",""
"023.186","LEI DOS DOIS TERÇOS. RELAÇÃO ANUAL DE INFORMAÇÕES SOCIAIS (RAIS)","","5 anos","","5 anos","","Eliminação","",""
"023.19","OUTRAS AÇÕES REFERENTES AO PAGAMENTO DE VENCIMENTOS. REMUNERAÇÕES. SALÁRIOS. PROVENTOS","","","","","","","",""
"023.191","RETIFICAÇÃO DE PAGAMENTO","","7 anos","","–","","Eliminação","",""
"023.2","FÉRIAS","","7 anos","","–","","Eliminação","",""
"023.3","LICENÇAS","","5 anos","","52 anos","","Eliminação","",""
"023.4","AFASTAMENTOS","","5 anos","","52 anos","","Eliminação","",""
"023.5","CONCESSÕES","","5 anos","","52 anos","","Eliminação","",""
"023.6","AUXÍLIOS","","Até a aprovação das contas pelo Tribunal de Contas*","","5 anos a contar da apro- vação das contas pelo Tribunal de Contas**","","Eliminação","","* ou até a apresentação do Relatório de Gestão ** ou 10 anos a contar da apresentação do Relatório de Gestão"
"023.7","REEMBOLSO DE DESPESAS. INDENIZAÇÃO","","","","","","","",""
"023.71","MUDANÇA DE DOMICÍLIO","","Até a aprovação das contas pelo Tribunal de Contas*","","5 anos a contar da apro- vação das contas pelo Tribunal de Contas**","","Eliminação","","* ou até a apresentação do Relatório de Gestão ** ou 10 anos a contar da apresentação do Relatório de Gestão"
"023.72","LOCOMOÇÃO","","Até a aprovação das contas pelo Tribunal de Contas*","","5 anos a contar da apro- vação das contas pelo Tribunal de Contas**","","Eliminação","","* ou até a apresentação do Relatório de Gestão ** ou 10 anos a contar da apresentação do Relatório de Gestão"
"023.73","RESSARCIMENTO DE PLANO DE SAÚDE","","Até a aprovação das contas pelo Tribunal de Contas*","","5 anos a contar da apro- vação das contas pelo Tribunal de Contas**","","Eliminação","","* ou até a apresentação do Relatório de Gestão ** ou 10 anos a contar da apresentação do Relatório de Gestão"
"023.9","OUTRAS AÇÕES REFERENTES À CONCESSÃO DE DIREITOS E VANTAGENS","","","","","","","",""
"023.91","CONTRATAÇÃO DE SEGURO","","Até a aprovação das contas pelo Tribunal de Contas*","","5 anos a contar da apro- vação das contas pelo Tribunal de Contas**","","Eliminação","","* ou até a apresentação do Relatório de Gestão ** ou 10 anos a contar da apresentação do Relatório de Gestão"
"023.92","OCUPAÇÃO DE IMÓVEL FUNCIONAL","","Enquanto permanecer a ocupação","","5 anos","","Eliminação","",""
"023.93","FORNECIMENTO DE TRANSPORTE","","Até a aprovação das contas pelo Tribunal de Contas*","","5 anos a contar da apro- vação das contas pelo Tribunal de Contas**","","Eliminação","","* ou até a apresentação do Relatório de Gestão ** ou 10 anos a contar da apresentação do Relatório de Gestão"
"024","CAPACITAÇÃO DO SERVIDOR","","","","","","Utilizar os prazos de guarda e a destinação final dos assentamentos funcionais para os documentos comprobatórios de participação.","",""
"024.01","PLANEJAMENTO DA CAPACITAÇÃO","","5 anos","","5 anos","","Guarda permanente","",""
"024.1","PROMOÇÃO DE CURSOS PELO ÓRGÃO E ENTIDADE","","","","","","","",""
"024.11","PROGRAMAÇÃO","","5 anos","","5 anos","","Guarda permanente","",""
"024.12","INSCRIÇÃO E FREQUÊNCIA","","5 anos","","–","","Eliminação","",""
"024.13","AVALIAÇÃO E RESULTADOS","","5 anos","","5 anos","","Guarda permanente","",""
"024.2","PARTICIPAÇÃO EM CURSOS PROMOVIDOS POR OUTROS ÓRGÃOS E ENTIDADES","","5 anos","","–","","Eliminação","",""
"024.3","PROMOÇÃO DE ESTÁGIOS PELO ÓRGÃO E ENTIDADE","","","","","","","",""
"024.31","PROGRAMAÇÃO","","5 anos","","5 anos","","Guarda permanente","",""
"024.32","INSCRIÇÃO E FREQUÊNCIA","","5 anos","","–","","Eliminação","",""
"024.33","AVALIAÇÃO E RESULTADOS","","5 anos","","5 anos","","Guarda permanente","",""
"024.4","PARTICIPAÇÃO EM ESTÁGIOS PROMOVIDOS POR OUTROS ÓRGÃOS E ENTIDADES","","5 anos","","–","","Eliminação","",""
"024.5","CONCESSÃO DE ESTÁGIOS E BOLSAS PARA ESTUDANTES","","","","","","","",""
"024.51","RELAÇÃO COM INSTITUIÇÕES DE ENSINO E AGENTES DE INTEGRAÇÃO","","Enquanto vigora o convênio","","2 anos","","Eliminação","",""
"024.52","PLANO DE ESTÁGIO","","Enquanto o estudante mantiver o vínculo com a administração pública","","2 anos","","Eliminação","",""
"025","PROMOÇÃO DA SAÚDE E BEM-ESTAR","","","","","","","",""
"025.1","ASSISTÊNCIA À SAÚDE","","","","","","","",""
"025.11","CELEBRAÇÃO DE CONVÊNIOS DE PLANOS DE SAÚDE","","Até a aprovação das contas pelo Tribunal de Contas*","","5 anos a contar da apro- vação das contas pelo Tribunal de Contas**","","Eliminação","","* ou até a apresentação do Relatório de Gestão ** ou 10 anos a contar da apresentação do Relatório de Gestão"
"025.12","ORIENTAÇÃO MÉDICA, NUTRICIONAL, ODONTOLÓGICA E PSICOLÓGICA","","2 anos","","–","","Eliminação","",""
"025.13","PROMOÇÃO DE ATIVIDADE FÍSICA","","2 anos","","–","","Eliminação","",""
"025.14","PRONTUÁRIO MÉDICO E ODONTOLÓGICO","","5 anos","","95 anos","","Eliminação","",""
"025.2","PRESERVAÇÃO DA SAÚDE E HIGIENE","","","","","","","",""
"025.21","CONTROLE DE RISCOS AMBIENTAIS","","5 anos","","15 anos","","Guarda permanente","",""
"025.22","OFERTA DE SERVIÇOS DE REFEITÓRIOS, CANTINAS E COPAS","","Enquanto vigora","","2 anos","","Eliminação","",""
"025.3","SEGURANÇA DO TRABALHO. PREVENÇÃO DE ACIDENTES DE TRABALHO","","","","","","","",""
"025.31","CONSTITUIÇÃO DA COMISSÃO INTERNA DE PREVENÇÃO DE ACIDENTES (CIPA)","","","","","","","",""
"025.311","COMPOSIÇÃO E ATUAÇÃO","","5 anos","","5 anos","","Guarda permanente","",""
"025.312","OPERACIONALIZAÇÃO DE REUNIÕES","","2 anos","","–","","Eliminação","",""
"025.32","REGISTRO DE OCORRÊNCIAS DE ACIDENTES DE TRABALHO","","5 anos","","52 anos","","Eliminação","",""
"026","CONCESSÃO DE BENEFÍCIOS DE SEGURIDADE E PREVIDÊNCIA SOCIAL","","","","","","","",""
"026.01","ADESÃO À PREVIDÊNCIA COMPLEMENTAR","","5 anos","","52 anos","","Eliminação","",""
"026.02","CONTAGEM E AVERBAÇÃO DE TEMPO DE SERVIÇO","","Até a homologação da aposentadoria","","5 anos","","Eliminação","",""
"026.1","SALÁRIO FAMÍLIA","","5 anos","","19 anos*","","Eliminação","","* ou 95 anos, nos casos previstos na legislação específica para as concessões especiais"
"026.2","SALÁRIO MATERNIDADE","","7 anos","","–","","Eliminação","",""
"026.3","AUXÍLIOS","","Até a aprovação das contas pelo Tribunal de Contas*","","5 anos a contar da apro- vação das contas pelo Tribunal de Contas**","","Eliminação","","* ou até a apresentação do Relatório de Gestão ** 10 anos a contar da apresentação do Relatório de Gestão"
"026.4","LICENÇAS","","5 anos","","52 anos","","Eliminação","",""
"026.5","APOSENTADORIA","","","","","","","",""
"026.51","INVALIDEZ PERMANENTE","","5 anos","","95 anos","","Eliminação","",""
"026.52","COMPULSÓRIA","","5 anos","","95 anos","","Eliminação","",""
"026.53","VOLUNTÁRIA","","5 anos","","95 anos","","Eliminação","",""
"026.54","ESPECIAL","","5 anos","","95 anos","","Eliminação","",""
"026.6","PENSÃO POR MORTE","","","","","","","",""
"026.61","PENSÃO PROVISÓRIA. PENSÃO TEMPORÁRIA","","Enquanto vigora","","5 anos","","Eliminação","",""
"026.62","PENSÃO VITALÍCIA","","5 anos","","95 anos","","Eliminação","",""
"026.9","OUTRAS AÇÕES REFERENTES À CONCESSÃO DE BENEFÍCIOS DE SEGURIDADE E PREVIDÊNCIA SOCIAL","","","","","","","",""
"026.91","AUXÍLIO RECLUSÃO","","5 anos","","52 anos","","Eliminação","",""
"027","APURAÇÃO DE RESPONSABILIDADE DISCIPLINAR","","","","","","","",""
"027.1","AVERIGUAÇÃO DE DENÚNCIAS","","5 anos","","95 anos","","Guarda permanente","",""
"027.2","APLICAÇÃO DE PENALIDADES DISCIPLINARES","","5 anos","","95 anos","","Guarda permanente","",""
"027.3","AJUSTAMENTO DE CONDUTA","","5 anos","","52 anos","","Eliminação","",""
"028","CUMPRIMENTO DE MISSÕES E VIAGENS A SERVIÇO","","","","","","","",""
"028.1","NO PAÍS","","","","","","","",""
"028.11","COM ÔNUS","","Até a aprovação das contas pelo Tribunal de Contas*","","5 anos a contar da apro- vação das contas pelo Tribunal de Contas**","","Eliminação","","* ou até a apresentação do Relatório de Gestão ** ou 10 anos a contar da apresentação do Relatório de Gestão"
"028.12","COM ÔNUS LIMITADO","","7 anos","","–","","Eliminação","",""
"028.2","NO EXTERIOR","","","","","","","",""
"028.21","COM ÔNUS","","Até a aprovação das contas pelo Tribunal de Contas*","","5 anos a contar da apro- vação das contas pelo Tribunal de Contas**","","Eliminação","","* ou até a apresentação do Relatório de Gestão ** ou 10 anos a contar da apresentação do Relatório de Gestão"
"028.22","COM ÔNUS LIMITADO","","7 anos","","–","","Eliminação","",""
"028.23","SEM ÔNUS","","7 anos","","–","","Eliminação","",""
"029","OUTRAS AÇÕES REFERENTES À GESTÃO DE PESSOAS","","","","","","","",""
"029.1","CONTROLE DE ASSIDUIDADE E PONTUALIDADE","","","","","","","",""
"029.11","CONTROLE DE FREQUÊNCIA","","5 anos","","52 anos","","Eliminação","",""
"029.12","DEFINIÇÃO DO HORÁRIO DE EXPEDIENTE","","2 anos","","–","","Eliminação","",""
"029.2","INSTITUIÇÃO DO PROGRAMA DE CRECHE","","","","","","","",""
"029.21","PUBLICAÇÃO E DIVULGAÇÃO","","5 anos","","5 anos","","Guarda permanente","",""
"029.22","INSCRIÇÃO, SELEÇÃO, ADMISSÃO E RENOVAÇÃO","","Enquanto vigora o vínculo do beneficiário","","10 anos","","Eliminação","",""
"029.23","ACOMPANHAMENTO PEDAGÓGICO, MÉDICO E DO DESENVOLVIMENTO DA CRIANÇA","","Enquanto vigora o vínculo do beneficiário","","10 anos","","Eliminação","",""
"029.24","AVALIAÇÃO DO PROGRAMA","","5 anos","","5 anos","","Guarda permanente","","Eliminar, após 2 anos, os documentos cujas informações encontram-se recapituladas ou consolidadas em outros."
"029.3","INCENTIVOS FUNCIONAIS","","5 anos","","5 anos","","Guarda permanente","",""
"029.4","DELEGAÇÃO DE COMPETÊNCIA E PROCURAÇÃO","","Enquanto vigora","","5 anos","","Eliminação","","Utilizar  os  prazos  dos  documentos  financeiros  para  os documentos referentes aos ordenadores de despesas."
"029.5","CONTRATAÇÃO DE SERVIÇOS PROFISSIONAIS TRANSITÓRIOS","","Até a aprovação das contas pelo Tribunal de Contas*","","5 anos a contar da apro- vação das contas pelo Tribunal de Contas**","","Eliminação","","* ou até a apresentação do Relatório de Gestão ** ou 10 anos a contar da apresentação do Relatório de Gestão Eliminar, após 2 anos, os documentos referentes às con- tratações não efetivadas."
"029.6","PETIÇÃO DE DIREITOS","","Até a solução da interposição de pedido de reconsideração ou de recurso","","5 anos","","Guarda permanente","",""
"030","GESTÃO DE MATERIAIS","","","","","","","",""
"030.01","NORMATIZAÇÃO. REGULAMENTAÇÃO","","Enquanto vigora","","5 anos","","Guarda permanente","",""
"030.02","CADASTRAMENTO DE FORNECEDORES E DE PRESTADORES DE SERVIÇOS","","5 anos","","–","","Eliminação","",""
"030.03","ESPECIFICAÇÃO, PADRONIZAÇÃO, CODIFICAÇÃO, PREVISÃO, IDENTIFICAÇÃO E CLASSIFICAÇÃO","","2 anos","","–","","Eliminação","",""
"031","AQUISIÇÃO E INCORPORAÇÃO","","","","","","Eliminar, após 2 anos, os documentos referentes às ações de aquisição e incorporação não efetivadas.","",""
"031.1","COMPRA","","","","","","","",""
"031.11","MATERIAL PERMANENTE","","Até a aprovação das contas pelo Tribunal de Contas*","","5 anos a contar da apro- vação das contas pelo Tribunal de Contas**","","Eliminação","","* ou até a apresentação do Relatório de Gestão ** ou 10 anos a contar da apresentação do Relatório de Gestão"
"031.12","MATERIAL DE CONSUMO","","Até a aprovação das contas pelo Tribunal de Contas*","","5 anos a contar da apro- vação das contas pelo Tribunal de Contas**","","Eliminação","","* ou até a apresentação do Relatório de Gestão ** ou 10 anos a contar da apresentação do Relatório de Gestão"
"031.2","DOAÇÃO E PERMUTA","","","","","","","",""
"031.21","MATERIAL PERMANENTE","","4 anos","","5 anos","","Eliminação","","Utilizar os prazos dos documentos financeiros para as transações que envolvam pagamento de despesas."
"031.22","MATERIAL DE CONSUMO","","4 anos","","5 anos","","Eliminação","","Utilizar os prazos dos documentos financeiros para as transações que envolvam pagamento de despesas."
"031.3","DAÇÃO. ADJUDICAÇÃO","","","","","","","",""
"031.31","MATERIAL PERMANENTE","","Até a quitação total da dívida","","5 anos","","Eliminação","","Utilizar os prazos dos documentos financeiros para as transações que envolvam pagamento de despesas."
"031.32","MATERIAL DE CONSUMO","","Até a quitação total da dívida","","5 anos","","Eliminação","","Utilizar os prazos dos documentos financeiros para as transações que envolvam pagamento de despesas."
"031.4","CESSÃO, COMODATO E EMPRÉSTIMO","","","","","","","",""
"031.41","MATERIAL PERMANENTE","","Enquanto vigora","","5 anos","","Eliminação","","Utilizar os prazos dos documentos financeiros para as transações que envolvam pagamento de despesas."
"031.42","MATERIAL DE CONSUMO","","Enquanto vigora","","5 anos","","Eliminação","","Utilizar os prazos dos documentos financeiros para as transações que envolvam pagamento de despesas."
"031.5","LOCAÇÃO. ARRENDAMENTO MERCANTIL (LEASING)","","Até a aprovação das contas pelo Tribunal de Contas*","","5 anos a contar da apro- vação das contas pelo Tribunal de Contas**","","Eliminação","","* ou até a apresentação do Relatório de Gestão ** ou 10 anos a contar da apresentação do Relatório de Gestão"
"032","MOVIMENTAÇÃO DE MATERIAL","","","","","","","",""
"032.01","TERMOS DE RESPONSABILIDADE. CAUTELA","","Até a aprovação das contas pelo Tribunal de Contas*","","5 anos a contar da apro- vação das contas pelo Tribunal de Contas**","","Eliminação","","* ou até a apresentação do Relatório de Gestão ** ou 10 anos a contar da apresentação do Relatório de Gestão"
"032.1","CONTROLE DE ESTOQUE","","2 anos","","–","","Eliminação","","Observar os prazos da legislação em vigor para os documentos referentes a produtos e insumos químicos e outras substâncias entorpecentes."
"032.2","AUTORIZAÇÃO DE ENTRADA E SAÍDA DE MATERIAL","","1 ano","","–","","Eliminação","","Observar os prazos da legislação em vigor para os documentos referentes a produtos e insumos químicos e outras substâncias entorpecentes."
"032.3","RECOLHIMENTO DE MATERIAL INSERVÍVEL AO DEPÓSITO","","2 anos","","–","","Eliminação","","Observar os prazos da legislação em vigor para os documentos referentes a produtos e insumos químicos e outras substâncias entorpecentes."
"032.4","TOMBAMENTO","","Até a alienação","","5 anos","","Guarda permanente","",""
"033","ALIENAÇÃO E BAIXA","","","","","","Eliminar, após 2 anos, os documentos referentes às ações de alienação e baixa não efetivadas.","",""
"033.1","VENDA","","","","","","","",""
"033.11","MATERIAL PERMANENTE","","Até a aprovação das contas pelo Tribunal de Contas*","","5 anos a contar da apro- vação das contas pelo Tribunal de Contas**","","Eliminação","","* ou até a apresentação do Relatório de Gestão ** ou 10 anos a contar da apresentação do Relatório de Gestão"
"033.12","MATERIAL DE CONSUMO","","Até a aprovação das contas pelo Tribunal de Contas*","","5 anos a contar da apro- vação das contas pelo Tribunal de Contas**","","Eliminação","","* ou até a apresentação do Relatório de Gestão ** ou 10 anos a contar da apresentação do Relatório de Gestão"
"033.2","DOAÇÃO E PERMUTA","","","","","","","",""
"033.21","MATERIAL PERMANENTE","","4 anos","","5 anos","","Eliminação","","Utilizar os prazos dos documentos financeiros para as transações que envolvam pagamento de despesas."
"033.22","MATERIAL DE CONSUMO","","4 anos","","5 anos","","Eliminação","","Utilizar os prazos dos documentos financeiros para as transações que envolvam pagamento de despesas."
"033.3","DAÇÃO. ADJUDICAÇÃO","","","","","","","",""
"033.31","MATERIAL PERMANENTE","","Até a quitação total da dívida","","5 anos","","Eliminação","","Utilizar os prazos dos documentos financeiros para as transações que envolvam pagamento de despesas."
"033.32","MATERIAL DE CONSUMO","","Até a quitação total da dívida","","5 anos","","Eliminação","","Utilizar os prazos dos documentos financeiros para as transações que envolvam pagamento de despesas."
"033.4","DESFAZIMENTO","","","","","","","",""
"033.41","MATERIAL PERMANENTE","","4 anos","","5 anos","","Eliminação","","Utilizar os prazos dos documentos financeiros para as transações que envolvam pagamento de despesas."
"033.42","MATERIAL DE CONSUMO","","4 anos","","5 anos","","Eliminação","","Utilizar os prazos dos documentos financeiros para as transações que envolvam pagamento de despesas."
"033.5","CESSÃO, COMODATO E EMPRÉSTIMO","","","","","","","",""
"033.51","MATERIAL PERMANENTE","","4 anos","","5 anos","","Eliminação","","Utilizar os prazos dos documentos financeiros para as transações que envolvam pagamento de despesas."
"033.52","MATERIAL DE CONSUMO","","4 anos","","5 anos","","Eliminação","","Utilizar os prazos dos documentos financeiros para as transações que envolvam pagamento de despesas."
"033.6","EXTRAVIO, ROUBO, DESAPARECIMENTO, FURTO E AVARIA","","Até a conclusão do caso","","5 anos","","Eliminação","","Observar os prazos da legislação em vigor para os documentos referentes a produtos e insumos químicos e outras substâncias entorpecentes."
"034","CONTRATAÇÃO DE PRESTAÇÃO DE SERVIÇOS","","Até a aprovação das contas pelo Tribunal de Contas*","","5 anos a contar da apro- vação das contas pelo Tribunal de Contas**","","Eliminação","","* ou até a apresentação do Relatório de Gestão ** ou 10 anos a contar da apresentação do Relatório de Gestão Eliminar, após 2 anos, os documentos referentes às con- tratações não efetivadas."
"035","EXECUÇÃO DE SERVIÇOS DE INSTALAÇÃO E MANUTENÇÃO","","1 ano","","–","","Eliminação","",""
"036","CONTROLE DE MATERIAIS","","","","","","","",""
"036.01","COMISSÃO DE INVENTÁRIO","","Enquanto vigora","","–","","Guarda permanente","",""
"036.1","INVENTÁRIO DE MATERIAL PERMANENTE","","Até a aprovação das contas pelo Tribunal de Contas*","","5 anos a contar da apro- vação das contas pelo Tribunal de Contas**","","Guarda permanente","","* ou até a apresentação do Relatório de Gestão ** ou 10 anos a contar da apresentação do Relatório de Gestão"
"036.2","INVENTÁRIO DE MATERIAL DE CONSUMO","","Até a aprovação das contas pelo Tribunal de Contas*","","5 anos a contar da apro- vação das contas pelo Tribunal de Contas**","","Eliminação","","* ou até a apresentação do Relatório de Gestão ** ou 10 anos a contar da apresentação do Relatório de Gestão"
"039","OUTRAS AÇÕES REFERENTES À GESTÃO DE MATERIAIS","","","","","","","",""
"039.1","RACIONALIZAÇÃO DO USO DE MATERIAL","","","","","","","",""
"039.11","CRIAÇÃO E ATUAÇÃO DE GRUPOS DE TRABALHO","","4 anos","","5 anos","","Guarda permanente","",""
"039.12","OPERACIONALIZAÇÃO DE REUNIÕES","","2 anos","","–","","Eliminação","",""
"039.2","EMPRÉSTIMO E DEVOLUÇÃO DE MATERIAL PERMANENTE","","Enquanto vigora","","1 ano","","Eliminação","",""
"040","GESTÃO DE BENS PATRIMONIAIS E DE SERVIÇOS","","","","","","","",""
"040.01","NORMATIZAÇÃO. REGULAMENTAÇÃO","","Enquanto vigora","","5 anos","","Guarda permanente","",""
"041","AQUISIÇÃO E INCORPORAÇÃO","","","","","","Eliminar, após 2 anos, os documentos referentes às ações de aquisição e incorporação não efetivadas.","",""
"041.1","COMPRA","","","","","","","",""
"041.11","BENS IMÓVEIS","","Até a aprovação das contas pelo Tribunal de Contas*","","5 anos a contar da apro- vação das contas pelo Tribunal de Contas**","","Guarda permanente","","* ou até a apresentação do Relatório de Gestão ** ou 10 anos a contar da apresentação do Relatório de Gestão"
"041.12","VEÍCULOS","","Até a aprovação das contas pelo Tribunal de Contas*","","5 anos a contar da apro- vação das contas pelo Tribunal de Contas**","","Eliminação","","* ou até a apresentação do Relatório de Gestão ** ou 10 anos a contar da apresentação do Relatório de Gestão"
"041.13","BENS SEMOVENTES","","Até a aprovação das contas pelo Tribunal de Contas*","","5 anos a contar da apro- vação das contas pelo Tribunal de Contas**","","Eliminação","","* ou até a apresentação do Relatório de Gestão ** ou 10 anos a contar da apresentação do Relatório de Gestão"
"041.2","DOAÇÃO E PERMUTA","","","","","","","",""
"041.21","BENS IMÓVEIS","","4 anos","","5 ano","","Guarda permanente","",""
"041.22","VEÍCULOS","","4 anos","","5 anos","","Eliminação","","Utilizar os prazos dos documentos financeiros para as transações que envolvam pagamento de despesas."
"041.23","BENS SEMOVENTES","","4 anos","","5 anos","","Eliminação","","Utilizar os prazos dos documentos financeiros para as transações que envolvam pagamento de despesas."
"041.3","DAÇÃO. ADJUDICAÇÃO","","","","","","","",""
"041.31","BENS IMÓVEIS","","Até a quitação total da dívida","","5 anos","","Guarda permanente","",""
"041.32","VEÍCULOS","","Até a quitação total da dívida","","5 anos","","Eliminação","","Utilizar os prazos dos documentos financeiros para as transações que envolvam pagamento de despesas."
"041.4","PROCRIAÇÃO","","4 anos","","5 anos","","Eliminação","","Utilizar os prazos dos documentos financeiros para as transações que envolvam pagamento de despesas."
"041.5","CESSÃO E COMODATO","","","","","","","",""
"041.51","BENS IMÓVEIS","","4 anos","","5 anos","","Guarda permanente","",""
"041.52","VEÍCULOS","","4 anos","","5 anos","","Eliminação","","Utilizar os prazos dos documentos financeiros para as transações que envolvam pagamento de despesas."
"041.53","BENS SEMOVENTES","","4 anos","","5 anos","","Eliminação","","Utilizar os prazos dos documentos financeiros para as transações que envolvam pagamento de despesas."
"041.6","LOCAÇÃO. ARRENDAMENTO MERCANTIL (LEASING). SUBLOCAÇÃO","","","","","","","",""
"041.61","BENS IMÓVEIS","","Até a aprovação das contas pelo Tribunal de Contas*","","5 anos a contar da apro- vação das contas pelo Tribunal de Contas**","","Eliminação","","* ou até a apresentação do Relatório de Gestão ** ou 10 anos a contar da apresentação do Relatório de Gestão"
"041.62","VEÍCULOS","","Até a aprovação das contas pelo Tribunal de Contas*","","5 anos a contar da apro- vação das contas pelo Tribunal de Contas**","","Eliminação","","* ou até a apresentação do Relatório de Gestão ** ou 10 anos a contar da apresentação do Relatório de Gestão"
"042","ALIENAÇÃO","","","","","","Eliminar, após 2 anos, os documentos referentes às ações de alienação não efetivadas.","",""
"042.1","VENDA","","","","","","","",""
"042.11","BENS IMÓVEIS","","Até a aprovação das contas pelo Tribunal de Contas*","","5 anos a contar da apro- vação das contas pelo Tribunal de Contas**","","Guarda permanente","","* ou até a apresentação do Relatório de Gestão ** ou 10 anos a contar da apresentação do Relatório de Gestão"
"042.12","VEÍCULOS","","Até a aprovação das contas pelo Tribunal de Contas*","","5 anos a contar da apro- vação das contas pelo Tribunal de Contas**","","Eliminação","","* ou até a apresentação do Relatório de Gestão ** ou 10 anos a contar da apresentação do Relatório de Gestão"
"042.13","BENS SEMOVENTES","","Até a aprovação das contas pelo Tribunal de Contas*","","5 anos a contar da apro- vação das contas pelo Tribunal de Contas**","","Eliminação","","* ou até a apresentação do Relatório de Gestão ** ou 10 anos a contar da apresentação do Relatório de Gestão"
"042.2","DOAÇÃO E PERMUTA","","","","","","","",""
"042.21","BENS IMÓVEIS","","4 anos","","5 anos","","Guarda permanente","",""
"042.22","VEÍCULOS","","4 anos","","5 anos","","Eliminação","","Utilizar prazos dos documentos financeiros para as transações que envolvam pagamento de despesas."
"042.23","BENS SEMOVENTES","","4 anos","","5 anos","","Eliminação","","Utilizar os prazos os dos documentos financeiros para as transações que envolvam pagamento de despesas."
"042.3","DAÇÃO. ADJUDICAÇÃO","","","","","","","",""
"042.31","BENS IMÓVEIS","","Até a quitação total da dívida","","5 anos","","Guarda permanente","",""
"042.32","VEÍCULOS","","Até a quitação total da dívida","","5 anos","","Eliminação","","Utilizar os prazos dos documentos financeiros para as transações que envolvam pagamento de despesas."
"042.4","DESAPROPRIAÇÃO E DESMEMBRAMENTO","","Até a aprovação das contas pelo Tribunal de Contas*","","5 anos a contar da apro- vação das contas pelo Tribunal de Contas**","","Guarda permanente","","* ou até a apresentação do Relatório de Gestão ** ou 10 anos a contar da apresentação do Relatório de Gestão"
"042.5","CESSÃO E COMODATO","","","","","","","",""
"042.51","BENS IMÓVEIS","","4 anos","","5 anos","","Guarda permanente","",""
"042.52","VEÍCULOS","","4 anos","","5 anos","","Eliminação","","Utilizar os prazos dos documentos financeiros para as transações que envolvam pagamento de despesas."
"042.53","BENS SEMOVENTES","","4 anos","","5 anos","","Eliminação","","Utilizar os prazos dos documentos financeiros para as transações que envolvam pagamento de despesas."
"042.6","LOCAÇÃO. ARRENDAMENTO. SUBLOCAÇÃO","","Até a aprovação das contas pelo Tribunal de Contas*","","5 anos a contar da apro- vação das contas pelo Tribunal de Contas**","","Eliminação","","* ou até a apresentação do Relatório de Gestão ** ou 10 anos a contar da apresentação do Relatório de Gestão"
"042.7","BAIXA. DESFAZIMENTO","","","","","","","",""
"042.71","VEÍCULOS","","4 anos","","5 anos","","Eliminação","",""
"042.72","BENS SEMOVENTES","","4 anos","","5 anos","","Eliminação","",""
"043","ADMINISTRAÇÃO CONDOMINIAL","","","","","","","",""
"043.1","REGISTRO DOS IMÓVEIS","","3 anos","","5 anos","","Guarda permanente","",""
"043.2","SERVIÇOS DE CONDOMÍNIO","","Até a aprovação das contas pelo Tribunal de Contas*","","5 anos a contar da apro- vação das contas pelo Tribunal de Contas**","","Eliminação","","* ou até a apresentação do Relatório de Gestão ** ou 10 anos a contar da apresentação do Relatório de Gestão"
"043.3","REINTEGRAÇÃO DE POSSE. REIVINDICAÇÃO DE DOMÍNIO. DESPEJO DE PERMISSIONÁRIO","","Até a aprovação das contas pelo Tribunal de Contas*","","5 anos a contar da apro- vação das contas pelo Tribunal de Contas**","","Guarda permanente","","* ou até a apresentação do Relatório de Gestão ** ou 10 anos a contar da apresentação do Relatório de Gestão"
"043.4","TOMBAMENTO","","Até a alienação","","5 anos","","Guarda permanente","",""
"043.5","INSPEÇÃO PATRIMONIAL","","3 anos","","5 anos","","Guarda permanente","",""
"043.6","MUDANÇA","","","","","","","",""
"043.61","PARA OUTROS IMÓVEIS","","Até a aprovação das contas pelo Tribunal de Contas*","","5 anos a contar da apro- vação das contas pelo Tribunal de Contas**","","Eliminação","","* ou até a apresentação do Relatório de Gestão ** ou 10 anos a contar da apresentação do Relatório de Gestão"
"043.62","DENTRO DO MESMO IMÓVEL","","1 ano","","–","","Eliminação","","Utilizar os prazos dos documentos financeiros para as transações que envolvam pagamento de despesas."
"043.7","USO DE DEPENDÊNCIAS","","2 anos","","–","","Eliminação","",""
"044","ADMINISTRAÇÃO DA FROTA DE VEÍCULOS","","","","","","","",""
"044.1","CADASTRAMENTO, LICENCIAMENTO E EMPLACAMENTO","","Até a alienação","","5 anos","","Eliminação","",""
"044.2","TOMBAMENTO","","Até a alienação","","5 anos","","Guarda permanente","",""
"044.3","OCORRÊNCIA DE SINISTROS","","Até a aprovação das contas pelo Tribunal de Contas*","","5 anos a contar da apro- vação das contas pelo Tribunal de Contas**","","Eliminação","","* ou até a apresentação do Relatório de Gestão ** ou 10 anos a contar da apresentação do Relatório de Gestão Observar para os acidentes com vítimas, o prazo total de guarda de 20 anos, após a conclusão do caso."
"044.4","CONTROLE DE USO","","2 anos","","–","","Eliminação","",""
"044.5","ESTACIONAMENTO. GARAGEM","","2 anos","","-","","Eliminação","",""
"044.6","NOTIFICAÇÕES DE INFRAÇÕES E MULTAS","","Até a aprovação das contas pelo Tribunal de Contas*","","5 anos a contar da apro- vação das contas pelo Tribunal de Contas**","","Eliminação","","* ou até a apresentação do Relatório de Gestão ** ou 10 anos a contar da apresentação do Relatório de Gestão"
"045","CONTRATAÇÃO DE PRESTAÇÃO DE SERVIÇOS","","","","","","Eliminar, após 2 anos, os documentos referentes às contratações não efetivadas.","",""
"045.01","SEGURO PATRIMONIAL","","Até a aprovação das contas pelo Tribunal de Contas*","","5 anos a contar da apro- vação das contas pelo Tribunal de Contas**","","Eliminação","","* ou até a apresentação do Relatório de Gestão ** ou 10 anos a contar da apresentação do Relatório de Gestão"
"045.1","FORNECIMENTO DE SERVIÇOS PÚBLICOS ESSENCIAIS","","","","","","","",""
"045.11","ÁGUA E ESGOTAMENTO SANITÁRIO","","Até a aprovação das contas pelo Tribunal de Contas*","","5 anos a contar da apro- vação das contas pelo Tribunal de Contas**","","Eliminação","","* ou até a apresentação do Relatório de Gestão ** ou 10 anos a contar da apresentação do Relatório de Gestão"
"045.12","GÁS","","Até a aprovação das contas pelo Tribunal de Contas*","","5 anos a contar da apro- vação das contas pelo Tribunal de Contas**","","Eliminação","","* ou até a apresentação do Relatório de Gestão ** ou 10 anos a contar da apresentação do Relatório de Gestão"
"045.13","ENERGIA ELÉTRICA","","Até a aprovação das contas pelo Tribunal de Contas*","","5 anos a contar da apro- vação das contas pelo Tribunal de Contas**","","Eliminação","","* ou até a apresentação do Relatório de Gestão ** ou 10 anos a contar da apresentação do Relatório de Gestão"
"045.2","MANUTENÇÃO E REPARO DAS INSTALAÇÕES","","","","","","","",""
"045.21","ELEVADORES","","Até a aprovação das contas pelo Tribunal de Contas*","","5 anos a contar da apro- vação das contas pelo Tribunal de Contas**","","Eliminação","","* ou até a apresentação do Relatório de Gestão ** ou 10 anos a contar da apresentação do Relatório de Gestão"
"045.22","SISTEMAS CENTRAIS DE AR CONDICIONADO","","Até a aprovação das contas pelo Tribunal de Contas*","","5 anos a contar da apro- vação das contas pelo Tribunal de Contas**","","Eliminação","","* ou até a apresentação do Relatório de Gestão ** ou 10 anos a contar da apresentação do Relatório de Gestão"
"045.23","SUBESTAÇÕES ELÉTRICAS E GERADORES","","Até a aprovação das contas pelo Tribunal de Contas*","","5 anos a contar da apro- vação das contas pelo Tribunal de Contas**","","Eliminação","","* ou até a apresentação do Relatório de Gestão ** ou 10 anos a contar da apresentação do Relatório de Gestão"
"045.24","CONSERVAÇÃO PREDIAL","","Até a aprovação das contas pelo Tribunal de Contas*","","5 anos a contar da apro- vação das contas pelo Tribunal de Contas**","","Eliminação","","* ou até a apresentação do Relatório de Gestão ** ou 10 anos a contar da apresentação do Relatório de Gestão"
"045.3","EXECUÇÃO DE OBRAS","","","","","","","",""
"045.31","CONSTRUÇÃO","","Até a aprovação das contas pelo Tribunal de Contas*","","5 anos a contar da apro- vação das contas pelo Tribunal de Contas**","","Guarda permanente","","* ou até a apresentação do Relatório de Gestão ** ou 10 anos a contar da apresentação do Relatório de Gestão"
"045.32","REFORMA. RECUPERAÇÃO. RESTAURAÇÃO","","Até a aprovação das contas pelo Tribunal de Contas*","","5 anos a contar da apro- vação das contas pelo Tribunal de Contas**","","Guarda permanente","","* ou até a apresentação do Relatório de Gestão ** ou 10 anos a contar da apresentação do Relatório de Gestão"
"045.33","ADAPTAÇÃO DE USO","","Até a aprovação das contas pelo Tribunal de Contas*","","5 anos a contar da apro- vação das contas pelo Tribunal de Contas**","","Guarda permanente","","* ou até a apresentação do Relatório de Gestão ** ou 10 anos a contar da apresentação do Relatório de Gestão"
"045.4","VIGILÂNCIA PATRIMONIAL","","Até a aprovação das contas pelo Tribunal de Contas*","","5 anos a contar da apro- vação das contas pelo Tribunal de Contas**","","Eliminação","","* ou até a apresentação do Relatório de Gestão ** ou 10 anos a contar da apresentação do Relatório de Gestão"
"045.5","ABASTECIMENTO E MANUTENÇÃO DE VEÍCULOS","","Até a aprovação das contas pelo Tribunal de Contas*","","5 anos a contar da apro- vação das contas pelo Tribunal de Contas**","","Eliminação","","* ou até a apresentação do Relatório de Gestão ** ou 10 anos a contar da apresentação do Relatório de Gestão"
"045.6","ASSISTÊNCIA VETERINÁRIA","","Até a aprovação das contas pelo Tribunal de Contas*","","5 anos a contar da apro- vação das contas pelo Tribunal de Contas**","","Eliminação","","* ou até a apresentação do Relatório de Gestão ** ou 10 anos a contar da apresentação do Relatório de Gestão"
"045.7","ADESTRAMENTO","","Até a aprovação das contas pelo Tribunal de Contas*","","5 anos a contar da apro- vação das contas pelo Tribunal de Contas**","","Eliminação","","* ou até a apresentação do Relatório de Gestão ** ou 10 anos a contar da apresentação do Relatório de Gestão"
"046","PROTEÇÃO, GUARDA E SEGURANÇA PATRIMONIAL","","","","","","","",""
"046.1","PREVENÇÃO DE INCÊNDIO","","","","","","","",""
"046.11","PLANEJAMENTO, ELABORAÇÃO E ACOMPANHAMENTO DE PROJETOS","","4 anos","","5 anos","","Guarda permanente","",""
"046.12","CONSTITUIÇÃO DE BRIGADA VOLUNTÁRIA","","4 anos","","5 anos","","Guarda permanente","",""
"046.13","INSTALAÇÃO E MANUTENÇÃO DE EQUIPAMENTOS DE COMBATE A INCÊNDIO","","2 anos","","–","","Eliminação","",""
"046.2","MONITORAMENTO. VIGILÂNCIA","","2 anos","","–","","Eliminação","",""
"046.3","OCORRÊNCIA DE SINISTROS","","Até a conclusão do caso","","5 anos","","Eliminação","",""
"046.4","CONTROLE DE PORTARIA","","2 anos","","*","","Eliminação","","* Observar para os registros de ocorrências, o prazo total de guarda de 10 anos."
"047","CONTROLE DE BENS PATRIMONIAIS","","","","","","","",""
"047.01","COMISSÃO DE INVENTÁRIO","","Enquanto vigora","","–","","Guarda permanente","",""
"047.1","INVENTÁRIO DE BENS IMÓVEIS","","Até a aprovação das contas pelo Tribunal de Contas*","","5 anos a contar da apro- vação das contas pelo Tribunal de Contas**","","Guarda permanente","","* ou até a apresentação do Relatório de Gestão ** ou 10 anos a contar da apresentação do Relatório de Gestão"
"047.2","INVENTÁRIO DE VEÍCULOS","","Até a aprovação das contas pelo Tribunal de Contas*","","5 anos a contar da apro- vação das contas pelo Tribunal de Contas**","","Guarda permanente","","* ou até a apresentação do Relatório de Gestão ** ou 10 anos a contar da apresentação do Relatório de Gestão"
"047.3","INVENTÁRIO DE BENS SEMOVENTES","","Até a aprovação das contas pelo Tribunal de Contas*","","5 anos a contar da apro- vação das contas pelo Tribunal de Contas**","","Guarda permanente","","* ou até a apresentação do Relatório de Gestão ** ou 10 anos a contar da apresentação do Relatório de Gestão"
"049","OUTRAS AÇÕES REFERENTES À GESTÃO DE BENS PATRIMONIAIS E DE SERVIÇOS","","","","","","","",""
"049.1","RACIONALIZAÇÃO DO USO DE BENS E SERVIÇOS","","","","","","","",""
"049.11","CRIAÇÃO E ATUAÇÃO DE GRUPOS DE TRABALHO","","4 anos","","5 anos","","Guarda permanente","",""
"049.12","OPERACIONALIZAÇÃO DE REUNIÕES","","2 anos","","–","","Eliminação","",""
"050","GESTÃO ORÇAMENTÁRIA E FINANCEIRA","","","","","","","",""
"050.01","NORMATIZAÇÃO. REGULAMENTAÇÃO","","Enquanto vigora","","5 anos","","Guarda permanente","",""
"050.02","CONFORMIDADE DE REGISTRO DE GESTÃO","","Até a aprovação das contas pelo Tribunal de Contas*","","5 anos a contar da apro- vação das contas pelo Tribunal de Contas**","","Eliminação","","* ou até a apresentação do Relatório de Gestão ** ou 10 anos a contar da apresentação do Relatório de Gestão"
"050.03","CONFORMIDADE CONTÁBIL","","Até a aprovação das contas pelo Tribunal de Contas*","","5 anos a contar da apro- vação das contas pelo Tribunal de Contas**","","Eliminação","","* ou até a apresentação do Relatório de Gestão ** ou 10 anos a contar da apresentação do Relatório de Gestão"
"051","GESTÃO ORÇAMENTÁRIA","","","","","","","",""
"051.1","PROGRAMAÇÃO ORÇAMENTÁRIA","","5 anos","","5 anos","","Guarda permanente","","Eliminar, após 2 anos, os documentos cujas informações sobre  previsão  orçamentária  encontrem-se  recapitula- das ou consolidadas em outros."
"051.2","DETALHAMENTO DE DESPESA","","2 anos","","–","","Eliminação","",""
"051.3","EXECUÇÃO ORÇAMENTÁRIA","","Até a aprovação das contas pelo Tribunal de Contas*","","5 anos a contar da apro- vação das contas pelo Tribunal de Contas**","","Eliminação","","* ou até a apresentação do Relatório de Gestão ** ou 10 anos a contar da apresentação do Relatório de Gestão"
"051.4","RETIFICAÇÃO ORÇAMENTÁRIA. CRÉDITOS ADICIONAIS","","5 anos","","5 anos","","Guarda permanente","",""
"052","GESTÃO FINANCEIRA","","","","","","","",""
"052.1","PROGRAMAÇÃO FINANCEIRA","","Até a aprovação das contas pelo Tribunal de Contas*","","5 anos a contar da apro- vação das contas pelo Tribunal de Contas**","","Eliminação","","* ou até a apresentação do Relatório de Gestão ** ou 10 anos a contar da apresentação do Relatório de Gestão"
"052.2","EXECUÇÃO FINANCEIRA","","","","","","","",""
"052.21","RECEITA","","","","","","","",""
"052.211","RECEITA CORRENTE","","Até a aprovação das contas pelo Tribunal de Contas*","","5 anos a contar da apro- vação das contas pelo Tribunal de Contas**","","Eliminação","","* ou até a apresentação do Relatório de Gestão ** ou 10 anos a contar da apresentação do Relatório de Gestão"
"052.212","RECEITA DE CAPITAL","","Até a aprovação das contas pelo Tribunal de Contas*","","5 anos a contar da apro- vação das contas pelo Tribunal de Contas**","","Eliminação","","* ou até a apresentação do Relatório de Gestão ** ou 10 anos a contar da apresentação do Relatório de Gestão"
"052.213","INGRESSO EXTRAORÇAMENTÁRIO","","Até a aprovação das contas pelo Tribunal de Contas*","","5 anos a contar da apro- vação das contas pelo Tribunal de Contas**","","Eliminação","","* ou até a apresentação do Relatório de Gestão ** ou 10 anos a contar da apresentação do Relatório de Gestão"
"052.22","DESPESA","","","","","","","",""
"052.221","DESPESA CORRENTE","","Até a aprovação das contas pelo Tribunal de Contas*","","5 anos a contar da apro- vação das contas pelo Tribunal de Contas**","","Eliminação","","* ou até a apresentação do Relatório de Gestão ** ou 10 anos a contar da apresentação do Relatório de Gestão"
"052.222","DESPESA DE CAPITAL","","Até a aprovação das contas pelo Tribunal de Contas*","","5 anos a contar da apro- vação das contas pelo Tribunal de Contas**","","Eliminação","","* ou até a apresentação do Relatório de Gestão ** ou 10 anos a contar da apresentação do Relatório de Gestão"
"052.23","DEMONSTRAÇÃO CONTÁBIL","","Até a aprovação das contas pelo Tribunal de Contas*","","5 anos a contar da apro- vação das contas pelo Tribunal de Contas**","","Guarda permanente","","* ou até a apresentação do Relatório de Gestão ** ou 10 anos a contar da apresentação do Relatório de Gestão"
"052.24","GESTÃO DE FUNDOS ESPECIAIS","","Até a aprovação das contas pelo Tribunal de Contas*","","5 anos a contar da aprovação das contas pelo Tribunal de Contas**","","Eliminação","","* ou até a apresentação do Relatório de Gestão ** ou 10 anos a contar da apresentação do Relatório de Gestão"
"052.25","CONCESSÃO DE BENEFÍCIOS, ESTÍMULOS E INCENTIVOS","","","","","","","",""
"052.251","FINANCEIROS","","Até a aprovação das contas pelo Tribunal de Contas*","","5 anos a contar da aprovação das contas pelo Tribunal de Contas**","","Guarda permanente","","* ou até a apresentação do Relatório de Gestão ** ou 10 anos a contar da apresentação do Relatório de Gestão"
"052.252","CREDITÍCIOS","","Até a aprovação das contas pelo Tribunal de Contas*","","5 anos a contar da aprovação das contas pelo Tribunal de Contas**","","Guarda permanente","","* ou até a apresentação do Relatório de Gestão ** ou 10 anos a contar da apresentação do Relatório de Gestão"
"053","OPERAÇÃO BANCÁRIA","","","","","","","",""
"053.01","CONCILIAÇÃO BANCÁRIA","","Até a aprovação das contas pelo Tribunal de Contas*","","5 anos a contar da aprovação das contas pelo Tribunal de Contas**","","Eliminação","","* ou até a apresentação do Relatório de Gestão ** ou 10 anos a contar da apresentação do Relatório de Gestão"
"053.1","PAGAMENTO EM MOEDA ESTRANGEIRA","","Até a aprovação das contas pelo Tribunal de Contas*","","5 anos a contar da aprovação das contas pelo Tribunal de Contas**","","Eliminação","","* ou até a apresentação do Relatório de Gestão ** ou 10 anos a contar da apresentação do Relatório de Gestão"
"053.2","GESTÃO DA CONTA ÚNICA","","Até a aprovação das contas pelo Tribunal de Contas*","","5 anos a contar da aprovação das contas pelo Tribunal de Contas**","","Eliminação","","* ou até a apresentação do Relatório de Gestão ** ou 10 anos a contar da apresentação do Relatório de Gestão"
"053.3","GESTÃO DE CONTAS CORRENTES BANCÁRIAS: TIPO A, B, C, D e E","","Até a aprovação das contas pelo Tribunal de Contas*","","5 anos a contar da apro- vação das contas pelo Tribunal de Contas**","","Eliminação","","* ou até a apresentação do Relatório de Gestão ** ou 10 anos a contar da apresentação do Relatório de Gestão"
"053.4","GESTÃO DE CONTAS ESPECIAIS","","Até a aprovação das contas pelo Tribunal de Contas*","","5 anos a contar da apro- vação das contas pelo Tribunal de Contas**","","Eliminação","","* ou até a apresentação do Relatório de Gestão ** ou 10 anos a contar da apresentação do Relatório de Gestão"
"054","CONTROLE EXTERNO. AUDITORIA EXTERNA","","","","","","","",""
"054.1","PRESTAÇÃO DE CONTAS. TOMADA DE CONTAS","","Até a aprovação das contas pelo Tribunal de Contas*","","5 anos a contar da apro- vação das contas pelo Tribunal de Contas**","","Guarda permanente","","* ou até a apresentação do Relatório de Gestão ** ou 10 anos a contar da apresentação do Relatório de Gestão"
"054.2","TOMADA DE CONTAS ESPECIAL","","Até a aprovação das contas pelo Tribunal de Contas*","","5 anos a contar da apro- vação das contas pelo Tribunal de Contas**","","Guarda permanente","","* ou até a apresentação do Relatório de Gestão ** ou 10 anos a contar da apresentação do Relatório de Gestão"
"059","OUTRAS AÇÕES REFERENTES À GESTÃO ORÇAMENTÁRIA E FINANCEIRA","","","","","","","",""
"059.1","COMPRA E SUBSCRIÇÃO DE AÇÕES","","Até a aprovação das contas pelo Tribunal de Contas*","","5 anos a contar da apro- vação das contas pelo Tribunal de Contas**","","Guarda permanente","","* ou até a apresentação do Relatório de Gestão ** ou 10 anos a contar da apresentação do Relatório de Gestão"
"059.2","RECOLHIMENTO DE TRIBUTOS, IMPOSTOS E TAXAS","","Até a aprovação das contas pelo Tribunal de Contas*","","5 anos a contar da apro- vação das contas pelo Tribunal de Contas**","","Eliminação","","* ou até a apresentação do Relatório de Gestão ** ou 10 anos a contar da apresentação do Relatório de Gestão"
"059.3","FIXAÇÃO DE CUSTOS DE SERVIÇOS","","Enquanto vigora","","5 anos","","Eliminação","",""
"059.4","DEVOLUÇÃO AO ERÁRIO","","Até a aprovação das contas pelo Tribunal de Contas*","","5 anos a contar da apro- vação das contas pelo Tribunal de Contas**","","Eliminação","","* ou até a apresentação do Relatório de Gestão ** ou 10 anos a contar da apresentação do Relatório de Gestão"
"059.5","RESTITUIÇÃO DE RENDAS ARRECADADAS","","Até a aprovação das contas pelo Tribunal de Contas*","","5 anos a contar da apro- vação das contas pelo Tribunal de Contas**","","Eliminação","","* ou até a apresentação do Relatório de Gestão ** ou 10 anos a contar da apresentação do Relatório de Gestão"
"060","GESTÃO DA DOCUMENTAÇÃO E DA INFORMAÇÃO","","","","","","","",""
"060.01","NORMATIZAÇÃO. REGULAMENTAÇÃO","","Enquanto vigora","","5 anos","","Guarda permanente","",""
"061","GESTÃO DE DOCUMENTOS DE ARQUIVO","","","","","","","",""
"061.01","CONSTITUIÇÃO DA COMISSÃO PERMANENTE DE AVALIAÇÃO DE DOCUMENTOS (CPAD)","","","","","","","",""
"061.011","COMPOSIÇÃO E ATUAÇÃO","","4 anos","","5 anos","","Guarda permanente","",""
"061.012","OPERACIONALIZAÇÃO DE REUNIÕES","","2 anos","","–","","Eliminação","",""
"061.1","ADOÇÃO E CONTROLE DOS PROCEDIMENTOS DE PROTOCOLO","","2 anos","","–","","Eliminação","",""
"061.2","ANÁLISE DA SITUAÇÃO ARQUIVÍSTICA","","5 anos","","5 anos","","Guarda permanente","",""
"061.3","LEVANTAMENTO DA PRODUÇÃO E DO FLUXO DOCUMENTAL","","Até a finalização da elaboração dos instrumentos","","5 anos","","Eliminação","",""
"061.4","ELABORAÇÃO DOS INSTRUMENTOS TÉCNICOS DE GESTÃO DE DOCUMENTOS","","Até a finalização da elaboração dos instrumentos","","5 anos","","Guarda permanente","","Eliminar, 2 anos após a finalização da elaboração, as versões preliminares dos instrumentos, assim como os demais exemplares quando ocorrerem atualizações."
"061.5","APLICAÇÃO DOS INSTRUMENTOS TÉCNICOS DE GESTÃO DE DOCUMENTOS","","","","","","","",""
"061.51","CLASSIFICAÇÃO","","2 anos","","–","","Eliminação","",""
"061.52","AVALIAÇÃO","","","","","","","",""
"061.521","ELIMINAÇÃO","","5 anos","","–","","Guarda permanente","",""
"061.522","TRANSFERÊNCIA","","5 anos","","–","","Guarda permanente","",""
"061.523","RECOLHIMENTO","","5 anos","","–","","Guarda permanente","",""
"062","GESTÃO DE ACERVOS BIBLIOGRÁFICO E MUSEOLÓGICO","","","","","","","",""
"062.1","AQUISIÇÃO E INCORPORAÇÃO","","","","","","Eliminar, após 2 anos, os documentos referentes às ações de aquisição e incorporação não efetivadas.","",""
"062.11","COMPRA","","Até a aprovação das contas pelo Tribunal de Contas*","","5 anos a contar da aprovação das contas pelo Tribunal de Contas**","","Eliminação","","* ou até a apresentação do Relatório de Gestão ** ou 10 anos a contar da apresentação do Relatório de Gestão"
"062.12","DOAÇÃO","","4 anos","","5 anos","","Eliminação","","Utilizar os prazos dos documentos financeiros para as transações que envolvam pagamento de despesas."
"062.13","PERMUTA","","4 anos","","5 anos","","Eliminação","","Utilizar os prazos dos documentos financeiros para as transações que envolvam pagamento de despesas."
"062.2","PROCESSAMENTO TÉCNICO","","","","","","","",""
"062.21","REGISTRO","","2 anos","","–","","Eliminação","",""
"062.22","CATALOGAÇÃO, CLASSIFICAÇÃO E INDEXAÇÃO","","2 anos","","–","","Eliminação","",""
"062.3","INVENTÁRIO","","Até a aprovação das contas pelo Tribunal de Contas*","","5 anos a contar da apro- vação das contas pelo Tribunal de Contas**","","Guarda permanente","","* ou até a apresentação do Relatório de Gestão ** ou 10 anos a contar da apresentação do Relatório de Gestão"
"062.4","DESINCORPORAÇÃO","","","","","","","",""
"062.41","DOAÇÃO","","4 anos","","5 anos","","Eliminação","","Utilizar os prazos dos documentos financeiros para as transações que envolvam pagamento de despesas."
"062.42","DESCARTE","","4 anos","","5 anos","","Eliminação","","Utilizar os prazos dos documentos financeiros para as transações que envolvam pagamento de despesas."
"063","CONTROLE DE ACESSO E DE MOVIMENTAÇÃO DE ACERVOS","","","","","","","",""
"063.1","CONSULTAS","","2 anos","","–","","Eliminação","",""
"063.2","EMPRÉSTIMOS","","Até a devolução","","1 ano","","Eliminação","",""
"063.3","MOVIMENTAÇÃO DE ACERVOS","","2 anos","","–","","Eliminação","",""
"064","CONSERVAÇÃO E PRESERVAÇÃO DE ACERVOS","","","","","","","",""
"064.01","AVALIAÇÃO E MONITORAMENTO","","Enquanto vigora","","5 anos","","Guarda permanente","",""
"064.1","DESINFESTAÇÃO E HIGIENIZAÇÃO","","2 anos","","–","","Eliminação","","Utilizar os prazos dos documentos financeiros para as transações que envolvam pagamento de despesas."
"064.2","CONTROLE DAS ÁREAS DE ARMAZENAMENTO","","2 anos","","–","","Eliminação","","Utilizar os prazos dos documentos financeiros para as transações que envolvam pagamento de despesas."
"064.3","REFORMATAÇÃO","","","","","","","",""
"064.31","MICROFILMAGEM","","2 anos","","–","","Eliminação","","Utilizar os prazos dos documentos financeiros para as transações que envolvam pagamento de despesas."
"064.32","DIGITALIZAÇÃO","","2 anos","","–","","Eliminação","","Utilizar os prazos dos documentos financeiros para as transações que envolvam pagamento de despesas."
"064.4","RESTAURAÇÃO","","2 anos","","–","","Eliminação","","Utilizar os prazos dos documentos financeiros para as transações que envolvam pagamento de despesas."
"065","PRODUÇÃO EDITORIAL","","","","","","","",""
"065.1","EDIÇÃO. COEDIÇÃO","","Enquanto vigora","","5 anos","","Guarda permanente","",""
"065.2","EDITORAÇÃO E PROGRAMAÇÃO VISUAL","","5 anos","","–","","Eliminação","","Utilizar os prazos dos documentos financeiros para as transações que envolvam pagamento de despesas."
"065.3","PROMOÇÃO, DIVULGAÇÃO E DISTRIBUIÇÃO","","5 anos","","–","","Eliminação","","Utilizar os prazos dos documentos financeiros para as transa- ções que envolvam pagamento de despesas."
"066","GESTÃO DE TECNOLOGIA DA INFORMAÇÃO","","","","","","Utilizar os prazos dos documentos financeiros para as transações que envolvam pagamento de despesas.","",""
"066.1","DESENVOLVIMENTO E CONTROLE DE SISTEMAS INFORMATIZADOS","","Enquanto vigora","","5 anos","","Guarda permanente","",""
"066.2","INSTALAÇÃO DE EQUIPAMENTOS","","Enquanto vigora","","5 anos","","Eliminação","",""
"066.3","ADMINISTRAÇÃO DA INFRAESTRUTURA TECNOLÓGICA","","","","","","","",""
"066.31","PROJETO DE MANUTENÇÃO","","Enquanto vigora","","5 anos","","Guarda permanente","",""
"066.32","GERENCIAMENTO E USO","","Enquanto vigora","","5 anos","","Eliminação","",""
"066.4","ADMINISTRAÇÃO DE BANCO DE DADOS","","","","","","","",""
"066.41","INSTALAÇÃO E CONFIGURAÇÃO","","Enquanto vigora","","5 anos","","Guarda permanente","",""
"066.42","GERENCIAMENTO E USO","","Enquanto vigora","","5 anos","","Eliminação","",""
"066.9","OUTRAS AÇÕES REFERENTES À GESTÃO DE TECNOLOGIA DA INFORMAÇÃO","","","","","","","",""
"066.91","CONTROLE DO SUPORTE TÉCNICO","","5 anos","","–","","Eliminação","",""
"067","CONTRATAÇÃO DE PRESTAÇÃO DE SERVIÇOS","","Até a aprovação das contas pelo Tribunal de Contas*","","5 anos a contar da aprovação das contas pelo Tribunal de Contas**","","Eliminação","","* ou até a apresentação do Relatório de Gestão ** ou 10 anos a contar da apresentação do Relatório de Gestão Eliminar, após 2 anos, os documentos referentes às con- tratações não efetivadas."
"069","OUTRAS AÇÕES REFERENTES À GESTÃO DA DOCUMENTAÇÃO E DA INFORMAÇÃO","","","","","","","",""
"069.1","TRATAMENTO TÉCNICO DA DOCUMENTAÇÃO ARQUIVÍSTICA PERMANENTE","","","","","","","",""
"069.11","ARRANJO E DESCRIÇÃO","","Até a conclusão da organização","","2 anos","","Guarda Permanente","","Eliminar, 2 anos após a conclusão da organização, as ver- sões preliminares das planilhas e dos estudos de apoio."
"069.12","ELABORAÇÃO DE INSTRUMENTOS DE PESQUISA","","Até a finalização da elaboração dos instru- mentos de pesquisa","","5 anos","","Guarda permanente","","Eliminar, 2 anos após a finalização da elaboração, as versões preliminares dos instrumentos assim como os demais exemplares quando ocorrerem atualizações."
"069.2","FORNECIMENTO DE CÓPIAS DE DOCUMENTOS","","2 anos","","–","","Eliminação","","Utilizar os prazos dos documentos financeiros para as transações que envolvam pagamento de despesas."
"069.3","PUBLICAÇÃO DE MATÉRIAS","","Até a aprovação das contas pelo Tribunal de Contas*","","5 anos a contar da apro- vação das contas pelo Tribunal de Contas**","","Eliminação","","* ou até a apresentação do Relatório de Gestão ** ou 10 anos a contar da apresentação do Relatório de Gestão"
"070","GESTÃO DOS SERVIÇOS POSTAIS E DE TELECOMUNICAÇÕES","","","","","","","",""
"070.01","NORMATIZAÇÃO. REGULAMENTAÇÃO","","Enquanto vigora","","5 anos","","Guarda permanente","",""
"071","CONTRATAÇÃO DE PRESTAÇÃO DE SERVIÇOS","","","","","","Eliminar, após 2 anos, os documentos referentes às contratações não efetivadas.","",""
"071.1","SERVIÇO POSTAL","","Até a aprovação das contas pelo Tribunal de Contas*","","5 anos a contar da apro- vação das contas pelo Tribunal de Contas**","","Eliminação","","* ou até a apresentação do Relatório de Gestão ** ou 10 anos a contar da apresentação do Relatório de Gestão"
"071.2","SERVIÇO DE RADIOFREQUÊNCIA","","Até a aprovação das contas pelo Tribunal de Contas*","","5 anos a contar da apro- vação das contas pelo Tribunal de Contas**","","Eliminação","","* ou até a apresentação do Relatório de Gestão ** ou 10 anos a contar da apresentação do Relatório de Gestão"
"071.3","SERVIÇO DE TELEX","","Até a aprovação das contas pelo Tribunal de Contas*","","5 anos a contar da apro- vação das contas pelo Tribunal de Contas**","","Eliminação","","* ou até a apresentação do Relatório de Gestão ** ou 10 anos a contar da apresentação do Relatório de Gestão"
"071.4","SERVIÇO DE TELEFONIA. SERVIÇO DE FAX","","Até a aprovação das contas pelo Tribunal de Contas*","","5 anos a contar da apro- vação das contas pelo Tribunal de Contas**","","Eliminação","","* ou até a apresentação do Relatório de Gestão ** ou 10 anos a contar da apresentação do Relatório de Gestão"
"071.5","SERVIÇO DE TRANSMISSÃO DE DADOS, VOZ E IMAGEM","","Até a aprovação das contas pelo Tribunal de Contas*","","5 anos a contar da apro- vação das contas pelo Tribunal de Contas**","","Eliminação","","* ou até a apresentação do Relatório de Gestão ** ou 10 anos a contar da apresentação do Relatório de Gestão"
"072","EXECUÇÃO DE SERVIÇOS PELO ÓRGÃO E ENTIDADE","","2 anos","","–","","Eliminação","",""
"073","AUTORIZAÇÃO E CONTROLE DE USO","","","","","","","",""
"073.1","SERVIÇO DE RADIOFREQUÊNCIA","","2 anos","","–","","Eliminação","",""
"073.2","SERVIÇO DE TELEX","","2 anos","","–","","Eliminação","",""
"073.3","SERVIÇO DE TELEFONIA. SERVIÇO DE FAX","","","","","","","",""
"073.31","TRANSFERÊNCIA DE PROPRIEDADE OU TITULARIDADE","","Até a conclusão da transferência","","2 anos","","Eliminação","",""
"073.32","REGISTRO DE LIGAÇÕES","","2 anos","","–","","Eliminação","",""
"073.33","DIVULGAÇÃO DE LISTAS TELEFÔNICAS INTERNAS","","Enquanto vigora","","–","","Eliminação","",""
"073.4","SERVIÇO DE TRANSMISSÃO DE DADOS, VOZ E IMAGEM","","2 anos","","–","","Eliminação","",""
"080","PESSOAL MILITAR - ver anexo 1","","","","","","","",""
"090","VAGA","","","","","","","",""
"900","ADMINISTRAÇÃO DE ATIVIDADES ACESSÓRIAS","","","","","","","",""
"910","GESTÃO DE EVENTOS","","","","","","Eliminar, após 2 anos, os documentos referentes aos eventos não efetivados.","",""
"910.01","NORMATIZAÇÃO. REGULAMENTAÇÃO","","Enquanto vigora","","5 anos","","Guarda permanente","",""
"911","PLANEJAMENTO E PROGRAMAÇÃO","","5 anos","","5 anos","","Guarda permanente","",""
"912","DIVULGAÇÃO","","1 ano","","2 anos","","Eliminação","","Arquivar um exemplar do material de divulgação de cada evento."
"913","INSCRIÇÃO E CONTROLE DE FREQUÊNCIA","","Até a homologação do evento","","2 anos","","Eliminação","",""
"914","EMISSÃO DE CERTIFICADOS","","2 anos","","3 anos","","Guarda Permanente","",""
"915","AVALIAÇÃO DOS RESULTADOS","","Até a homologação do evento","","2 anos","","Guarda Permanente","","Eliminar, após 2 anos, os documentos cujas informações encontram-se recapituladas ou consolidadas em outros."
"916","HABILITAÇÃO, JULGAMENTO E RECURSOS","","Até a homologação do evento*","","2 anos","","Guarda permanente","","* Aguardar o término da ação, no caso de interposição de recursos. Eliminar, após 2 anos da homologação do evento, os documentos de recursos indeferidos."
"917","PREMIAÇÃO","","Até a homologação do evento","","2 anos","","Guarda permanente","",""
"918","CONTRATAÇÃO DE PRESTAÇÃO DE SERVIÇOS","","Até a aprovação das contas pelo Tribunal de Contas*","","5 anos a contar da apro- vação das contas pelo Tribunal de Contas**","","Eliminação","","* ou até a apresentação do Relatório de Gestão ** ou 10 anos a contar da apresentação do Relatório de Gestão Eliminar, após 2 anos, os documentos referentes às contratações não efetivadas."
"919","OUTRAS AÇÕES REFERENTES À GESTÃO DE EVENTOS","","","","","","","",""
"919.1","PARTICIPAÇÃO EM EVENTOS PROMOVIDOS E REALIZADOS POR OUTRAS INSTITUIÇÕES","","5 anos","","–","","Eliminação","","Utilizar os prazos de guarda e a destinação final dos assentamentos funcionais para os documentos comprobatórios de participação."
"920","PROMOÇÃO DE VISITAS","","","","","","","",""
"920.01","NORMATIZAÇÃO. REGULAMENTAÇÃO","","Enquanto vigora","","5 anos","","Guarda permanente","",""
"921","PROGRAMAÇÃO DE VISITAS","","5 anos","","5 anos","","Guarda permanente","",""
"922","CONTROLE DE VISITAS E VISITANTES","","2 anos","","–","","Eliminação","",""
"990","OUTRAS AÇÕES REFERENTES À ADMINISTRAÇÃO DE ATIVIDADES ACESSÓRIAS","","","","","","","",""
"991","GESTÃO DE COMUNICAÇÕES EVENTUAIS","","1 ano","","–","","Eliminação","",""
"992","RELACIONAMENTO COM ASSOCIAÇÕES CULTURAIS, DE AMIGOS E DE SERVIDORES","","1 ano","","–","","Eliminação","",""
"80","PESSOAL MILITAR","","","","","","","",""
"80.1","LEGISLAÇÃO normas,  avisos,  portarias  (de  caráter  geral),  boletins  (adminis- trativo, de pessoal e de serviço), diretrizes, procedimentos, pare- ceres, estudos e/ou decisões de caráter geral","","Enquanto vigora","","5 anos","","Guarda permanente","","É opcional a reprodução dos documentos previamente ao recolhimento, para que a organização permaneça com cópias para consulta."
"80.2","IDENTIFICAÇÃO MILITAR","","","","","","","",""
"80.21","IDENTIDADE MILITAR. CARTEIRA. CARTÃO","","5 anos","","","","Eliminação","",""
"80.21/2","ficha de identidade grande ficha individual datiloscópica cartão índice ficha de dados cadastrais","","Enquanto o militar permanecer na ativa","","*","","Eliminação","","* O prazo total de guarda dos documentos é de 130 anos, independente do suporte. Serão transferidos ao arquivo intermediário após a transferência do militar para a reserva."
"80.21/3","guia de remessa de material de identificação mapa mensal do material técnico","","5 anos","","5 anos","","Eliminação","",""
"80.21/4","mapa mensal do material técnico","","","","","","","",""
"40.01","identidade provisória","","Enquanto vigora","","1 ano","","Guarda permanente","",""
"80.22","CONCESSÃO DE PASSAPORTE: DIPLOMÁTICO E / OU OFICIAL","","Enquanto vigora","","1 ano","","Eliminação","",""
"80.3","ASSENTAMENTOS INDIVIDUAIS. CADASTRO","","5 anos","","","","Eliminação","",""
"80.3/2","folhas de alterações caderneta registro cadastro caderneta sanitária declaração / cadastro de dependentes ficha individual declaração / alteração de beneficiários termo de opção ou de retificação da licença especial termo de renúncia de pensão militar","","Enquanto o militar permanecer na ativa","","130 anos","","Guarda permanente","","A Comissão Permanente de Avaliação de Documentos, findo o prazo total de guarda, poderá determinar a preservação de alguns conjuntos documentais de relevância para a Força."
"80.3/3","ficha de apresentação contagem de tempo de serviço ficha padrão PASEP ficha de código de especialidade concessão e cessação de porte de arma","","Enquanto o militar permanecer na ativa","","5 anos","","Eliminação","",""
"81","INGRESSO NAS FORÇAS ARMADAS","","","","","","","",""
"81.1","RECRUTAMENTO. SELEÇÃO inscrição para concurso cronograma de realização de provas controle da aplicação das provas","","5 anos","","","","Eliminação","",""
"81.1/2","edital de concursos e orientações específicas material de divulgação* relatórios e atas dos processos seletivos provas escritas, práticas e orais * gabaritos* instruções complementares de convocação e de sistema de serviço militar *","","5 anos","","5 anos","","Guarda permanente","","*Exemplares únicos."
"81.1/3","seleção e designação para incorporação e matrícula nomeação e termo de compromisso de banca de provas lista de candidatos questionário biográfico simplificado cartões respostas de testes ou provas do candidato testes provas de títulos resultados das provas relação dos candidatos aprovados recursos seleção para ingresso na carreira militar","","5 anos","","25 anos","","Eliminação","",""
"81.2","INCORPORAÇÃO","","5 anos","","","","Eliminação","",""
"81.2/2","atos de convocação à incorporação alistamento estágios dispensa ou isenção do serviço militar convocação à incorporação para prestar o serviço militar obrigatório (serviço militar inicial ou outras formas posteriores)","","5 anos","","47 anos","","Eliminação","",""
"81.3","MATRÍCULA","","5 anos","","","","Eliminação","",""
"81.3/2","admissão em escolas, centros e cursos de formação","","5 anos","","47 anos","","Eliminação","",""
"81.4","NOMEAÇÃO","","5 anos","","","","Eliminação","",""
"81.4/2","ingresso nos corpos e/ou quadros de carreira de oficiais, nos postos iniciais ou nos corpos/ quadros de oficiais da reserva","","5 anos","","47 anos","","Eliminação","",""
"81.5","EXERCÍCIOS DE MOBILIZAÇÃO / APRESENTAÇÃO","","5 anos","","","","Eliminação","",""
"81.5/2","campanhas de convocação mapas de encargos de mobilização relatórios sobre o exercício de apresentação da reserva controle de efetivo de militares temporários (médicos, farmacêuticos, dentistas, veterinários) tiros de guerra","","5 anos","","47 anos","","Eliminação","",""
"81.9","OUTROS ASSUNTOS REFERENTES A INGRESSO NAS FORÇAS ARMADAS","","","","","","","",""
"82","PLANO DE CARREIRA","","","","","","","",""
"82.1","PROMOÇÃO","","5 anos","","","","Eliminação","",""
"82.1/2","contagem de antigüidade propostas de posicionamento no quadro de acesso faixa de cogitação cogitação/inclusão no quadro de acesso lista de escolha ato de promoção ressarcimento e reconsideração de ato recontagem de pontos correção de posição hierárquica retificação de promoção lista de méritos relativos informações sobre a existência de inquéritos e ações judiciais envolvendo os avaliados promoção post-mortem promoção por motivo de justiça","","Enquanto o militar permanecer na ativa","","130 anos","","Eliminação","",""
"82.2","CURSOS","","","","","","","",""
"82.21","FORMAÇÃO. ADAPTAÇÃO","","5 anos","","","","Eliminação","",""
"82.21/2","designação, matrícula, conclusão, cancelamento, trancamento e/ou desligamento dos cursos","","5 anos","","47 anos","","Eliminação","",""
"82.22","APERFEIÇOAMENTO. ESPECIALIZAÇÃO","","5 anos","","","","Eliminação","",""
"82.22/2","designação, matrícula, conclusão, cancelamento, trancamento e/ou desligamento dos cursos","","5 anos","","47 anos","","Eliminação","",""
"82.23","ESTADO-MAIOR","","5 anos","","","","Eliminação","",""
"82.23/2","designação, matrícula, conclusão, cancelamento, trancamento e/ou desligamento dos cursos","","5 anos","","47 anos","","Eliminação","",""
"82.24","ALTOS ESTUDOS MILITARES","","5 anos","","47 anos","","Eliminação","",""
"82.21/2","designação,matrícula, conclusão, cancelamento, trancamento e/ou desligamento dos cursos","","5 anos","","47 anos","","Eliminação","",""
"82.3","AVALIAÇÃO","","5 anos","","","","Eliminação","",""
"82.3/2","fichas /folhas de avaliação","","5 anos","","47 anos","","Eliminação","",""
"82.4","REQUISITOS ESPECÍFICOS DE CARREIRA","","5 anos","","","","Eliminação","",""
"82.4/2","manobra tempo de tropa tempo de embarque vivência nacional dias de mar atividade bélica horas de vôo","","5 anos","","47 anos","","Eliminação","",""
"82.5","CURSOS COMPLEMENTARES","","","","","","","",""
"82.51","ADESTRAMENTO","","5 anos","","","","Eliminação","",""
"82.51/2","designação, matrícula, conclusão, cancelamento, trancamento e/ou desligamento dos diversos tipos de adestramentos","","5 anos","","47 anos","","Eliminação","",""
"82.52","PÓS-GRADUAÇÃO LATO SENSU (Aperfeiçoamento e Especialização)","","5 anos","","","","Eliminação","",""
"82.52/2","designação, matrícula, conclusão, cancelamento, trancamento e/ou desligamento dos cursos","","5 anos","","47 anos","","Eliminação","",""
"82.53","QUALIFICAÇÃO TÉCNICA ESPECIAL","","5 anos","","","","Eliminação","",""
"82.53/2","designação, matrícula, conclusão, cancelamento, trancamento e/ou desligamento dos cursos","","5 anos","","47 anos","","Eliminação","",""
"82.54","PÓS-GRADUAÇÃO STRICTO SENSU (Mestrado e Doutorado)","","5 anos","","","","Eliminação","",""
"82.54/2","designação, matrícula, conclusão, cancelamento, trancamento e/ou desligamento dos cursos","","5 anos","","47 anos","","Eliminação","",""
"82.55","PÓS-DOUTORADO","","5 anos","","","","Eliminação","",""
"82.55/2","designação, matrícula, conclusão, cancelamento, trancamento e/ou desligamento dos cursos","","5 anos","","47 anos","","Eliminação","",""
"82.6","PRORROGAÇÃO DE TEMPO DE SERVIÇO. REENGAJAMENTO","","5 anos","","","","Eliminação","",""
"82.6/2","requerimentos, avaliações, pareceres e despachos","","5 anos","","47 anos","","Eliminação","",""
"82.7","TRANSPOSIÇÃO DE QUADRO","","5 anos","","","","Eliminação","",""
"82.7/2","requerimentos, avaliações, pareceres e despachos","","5 anos","","47 anos","","Eliminação","",""
"82.9","OUTROS ASSUNTOS REFERENTES A PLANO DE CARREIRA","","","","","","","",""
"83","MOVIMENTAÇÃO. DESTAQUE. ADIÇÃO. EXCLUSÃO DO SERVIÇO ATIVO mapas de lotação de oficiais e praças","","5 anos","","","","Eliminação","",""
"83/2","planos de movimentação","","Enquanto vigora","","5 anos","","Guarda permanente","",""
"83.1","MOVIMENTAÇÃO","","","","","","","",""
"83.11","MOTIVO DE SAÚDE","","5 anos","","","","Eliminação","",""
"83.11/2","solicitação da movimentação cópia da ata de inspeção de saúde termo de inspeção de saúde","","5 anos","","47 anos","","Eliminação","",""
"83.12","INTERESSE DO MILITAR","","5 anos","","","","Eliminação","",""
"83.12/2","solicitação da movimentação ordem de movimentação portaria de movimentação","","5 anos","","47 anos","","Eliminação","",""
"83.13","NECESSIDADE DO SERVIÇO","","5 anos","","","","Eliminação","",""
"83.13/2","proposta de plano de movimentação solicitações de Órgãos de Direção-Geral ou Setorial incompatibilidade de posto, matrícula, término de curso, intercâmbio e a bem da disciplina","","5 anos","","47 anos","","Eliminação","",""
"83.14","MOTIVO DE JUSTIÇA","","5 anos","","","","Eliminação","",""
"83.14/2","ordem judicial","","Até o trânsito em julgado","","","","Eliminação","",""
"83.2","DESTAQUE. ADIÇÃO","","5 anos","","","","Eliminação","",""
"83.2/2","pareceres despachos","","5 anos","","47 anos","","Eliminação","",""
"83.3","EXCLUSÃO DO SERVIÇO ATIVO","","5 anos","","","","Eliminação","",""
"83.3/2","demissão perda do posto e da patente licenciamento anulação de incorporação desincorporação a bem da disciplina falecimento","","5 anos","","47 anos","","Eliminação","",""
"83.3/3","deserção extravio","","Até a apuração do fato","","100 anos","","Eliminação","",""
"83.9","OUTROS ASSUNTOS REFERENTES À MOVIMENTAÇÃO. DESTAQUE. ADIÇÃO. EXCLUSÃO DO SERVIÇO ATIVO","","5 anos","","","","Eliminação","",""
"83.9/2","posse e nomeação para cargos públicos","","5 anos","","47 anos","","Eliminação","",""
"84","VIOLAÇÃO DAS OBRIGAÇÕES E DOS DEVERES","","","","","","","",""
"84.1","TRANSGRESSÕES E / OU CONTRAVENÇÕES DISCIPLINARES","","5 anos","","","","Eliminação","",""
"84.1/2","sindicância acareação e apuração das transgressões e/ou contravenções aplicação das punições disciplinares.","","5 anos","","47 anos","","Eliminação","",""
"84.2","CRIMES MILITARES","","5 anos","","","","Eliminação","",""
"84.2/2","portaria de nomeação do encarregado e escrivão do IPM solução do IPM oficio de remessa do IPM à Justiça Militar","","5 anos","","5 anos","","Guarda permanente","","Os autos dos Inquéritos Policiais Militares (IPM) serão encaminhados à Justiça Militar."
"84.3","CONSELHOS","","","","","","","",""
"84.31","DE DISCIPLINA","","5 anos","","","","Eliminação","",""
"84.31/2","nomeação dos membros do conselho, atos de afastamento do acusado, autos do conselho, conclusões e decisões","","Até o despacho final do Comandante da Força","","130 anos","","Eliminação","","Caso seja considerado crime, os autos do processo do Conselho serão encaminhados à Justiça Militar."
"84.32","DE JUSTIFICAÇÃO","","5 anos","","","","Eliminação","",""
"84.32/2","nomeação dos membros do conselho, atos de afastamento do justificante, autos do conselho, conclusões e decisões","","Até o trânsito em julgado","","130 anos","","Eliminação","","Os autos do processo do Conselho serão encaminhados à Justiça Militar."
"85","DIREITOS E PRERROGATIVAS","","","","","","","",""
"85.1","RECOMPENSAS. DISTINÇÕES. HONRARIAS","","5 anos","","","","Eliminação","",""
"85.1/2","prêmios de honra ao mérito elogios louvores referências elogiosas distintivos dispensas de serviço","","5 anos","","47 anos","","Eliminação","",""
"85.1/3","relações de agraciados com as condecorações relações daqueles que tiveram as condecorações cassadas","","5 anos","","5 anos","","Guarda permanente","",""
"85.2","LICENÇAS","","5 anos","","","","Eliminação","",""
"85.2/2","adotante para acompanhar o cônjuge / companheiro(a) candidato a cargo eletivo especial gestante paternidade para tratar de interesse particular para tratamento de saúde de pessoa da família para tratamento de saúde própria","","5 anos","","47 anos","","Eliminação","",""
"85.3","AFASTAMENTOS","","5 anos","","","","Eliminação","",""
"85.3/2","instalação (no Brasil e no exterior) luto núpcias trânsito (no Brasil e no exterior)","","5 anos","","47 anos","","Eliminação","",""
"85.4","DISPENSAS DE SERVIÇO","","5 anos","","","","Eliminação","",""
"85.4/2","para desconto em férias por prescrição médica","","5 anos","","47 anos","","Eliminação","",""
"85.5","FÉRIAS","","5 anos","","","","Eliminação","",""
"85.5/2","planejamento, solicitação, concessão, cancelamento e publicação","","5 anos","","47 anos","","Eliminação","",""
"85.6","REMUNERAÇÃO.PROVENTOS","","","","","","","",""
"85.61","REMUNERAÇÃO NA ATIVA","","5 anos","","","","Eliminação","",""
"85.61/2","fichas financeiras e folhas de pagamento","","5 anos","","125 anos","","Eliminação","",""
"85.611","ADICIONAIS","","5 anos","","","","Eliminação","",""
"85.611/2","militar de habilitação de tempo de serviço de compensação orgânica de permanência","","5 anos","","47 anos","","Eliminação","",""
"85.612","GRATIFICAÇÕES","","5 anos","","","","Eliminação","",""
"85.612/2","de localidade especial de representação","","5 anos","","47 anos","","Eliminação","",""
"85.619","OUTROS DIREITOS REMUNERATÓRIOS NA ATIVA","","5 anos","","","","Eliminação","",""
"85.619/2","adicional de férias adicional natalino ajuda de custo assistência pré-escolar auxílios: fardamento, alimentação, natalidade, invalidez, funeral e transporte compensação pecuniária diárias salário-família transporte de pessoal e bagagens por mudança de localidade remuneração /adiantamento de férias retribuição no exterior","","5 anos","","47 anos","","Eliminação","",""
"85.62","PROVENTOS NA INATIVIDADE","","5 anos","","","","Eliminação","",""
"85.62/2","fichas financeiras e folhas de pagamento","","5 anos","","125 anos","","Eliminação","",""
"85.621","ADICIONAIS","","5 anos","","","","Eliminação","",""
"85.621/2","militar de habilitação de tempo de serviço de compensação orgânica de permanência","","5 anos","","47 anos","","Eliminação","",""
"85.629","OUTROS DIREITOS PECUNIÁRIOS NA INATIVIDADE","","5 anos","","","","Eliminação","",""
"85.629/2","adicional natalno assistência pré-escolar auxílios: invalidez, natalidade e funeral salário-família adicional por designação para o serviço ativo pro-labore para tarefa por tempo certo ajuda de transporte por baixa/alta em organização hospitalar","","5 anos","","47 anos","","Eliminação","",""
"85.63","DESCONTOS","","","","","","","",""
"85.631","OBRIGATÓRIOS","","5 anos","","","","Eliminação","",""
"85.631/2","contribuição para a assistência médico-hospitalar e social (prestada por entidade militar) impostos incidentes sobre a remuneração ou proventos indenização pela assistência médico-hospitalar (prestada por entidade militar) indenização à Fazenda Nacional multa por ocupação irregular de próprio nacional residencial pensão alimentícia ou judicial contribuição para a pensão militar taxa de uso por ocupação de próprio nacional residencial","","5 anos","","47 anos","","Eliminação","",""
"85.632","AUTORIZADOS","","5 anos","","","","Eliminação","",""
"85.632/2","descontos em favor de entidades consignatárias, de terceiros ou benefício família","","5 anos","","47 anos","","Eliminação","",""
"86","INATIVOS E PENSIONISTAS","","","","","","","",""
"86.1","INATIVOS","","","","","","","",""
"86.11","RESERVA","","","","","","","",""
"86.111","REMUNERADA","","5 anos","","","","Eliminação","",""
"86.111/2","processo de transferência para a reserva remunerada","","5 anos","","Até a reforma ou falecimento do militar","","*","","* O processo de reserva remunerada transforma-se em processo de reforma ou, em caso de falecimento, é anexado ao processo de pensão militar."
"86.112","NÃO REMUNERADA","","5 anos","","","","Eliminação","",""
"86.112/2","processo de transferência para a reserva não remunerada","","5 anos","","47 anos","","Eliminação","",""
"86.12","REFORMA","","","","","","","",""
"86.121","POR INVALIDEZ","","5 anos","","","","Eliminação","",""
"86.121/2","processo de reforma por invalidez","","5 anos","","Até o falecimento do militar","","","","* O processo é anexado ao processo de pensão militar."
"86.122","POR IDADES-LIMITE","","5 anos","","","","Eliminação","",""
"86.122/2","processo de reforma por idades-limite","","5 anos","","Até o falecimento do militar","","","","* O processo é anexado ao processo de pensão militar."
"86.13","DESIGNAÇÃO PARA O SERVIÇO ATIVO","","5 anos","","","","Eliminação","",""
"86.13/2","processo de designação para o serviço ativo","","5 anos","","47 anos","","Eliminação","",""
"86.14","TAREFA POR TEMPO CERTO","","5 anos","","","","Eliminação","",""
"86.14/2","processo de designação para tarefa por tempo certo","","5 anos","","47 anos","","Eliminação","",""
"86.2","PENSIONISTAS","","","","","","","",""
"86.21","PENSÕES","","","","","","","",""
"86.211","TEMPORÁRIA","","5 anos","","","","Eliminação","",""
"86.211/2","processos de solicitação /concessão de pensão militar temporária","","5 anos","","95 anos","","Eliminação","",""
"86.212","VITALÍCIA","","5 anos","","","","Eliminação","",""
"86.212/2","processos de solicitação /concessão de pensão militar vitalícia","","5 anos","","125 anos","","Eliminação","",""
"86.213","ESPECIAL","","5 anos","","","","Eliminação","",""
"86.213/2","processos de solicitação /concessão de pensão militar especial","","5 anos","","125 anos","","Eliminação","",""
"87","ASSISTÊNCIA","","","","","","","",""
"87.1","MÉDICA","","","","","","","",""
"87.11","HOSPITALAR","","5 anos","","","","Eliminação","",""
"087.11/1","atendimento ambulatorial ou pronto-atendimento","","5 anos","","20 anos","","Eliminação","",""
"087.11/2","prontuários médicos fichas odontológicas","","5 anos","","95 anos","","Eliminação","",""
"87.12","PERICIAL","","5 anos","","","","Eliminação","",""
"87.12/2","controle e verificação do estado de higidez (em estado saudável) do pessoal em serviço ativo, inativo e a ser selecionado para ingresso nas Forças Armadas atestado sanitário de origem inquérito sanitário de origem resultado de exames auto de corpo de delito atas de inspeção de saúde processos de perícia médica para reforma, isenção de imposto de renda, melhoria de reforma e movimentação por motivo de saúde","","5 anos","","125 anos","","Eliminação","",""
"87.2","SOCIAL","","5 anos","","","","Eliminação","",""
"87.2/2","programas de assistência social com vistas à concessão de licenças e benefícios atendimentos educacionais e assistenciais prestados por empresas conveniadas","","5 anos","","95 anos","","Eliminação","",""
"87.3","JURÍDICA","","5 anos","","","","Eliminação","",""
"87.3/2","orientação de caráter particular atendimentos jurídicos prestados por empresas conveniadas","","5 anos","","20 anos","","Eliminação","",""
"87.4","PSICOLÓGICA","","5 anos","","","","Eliminação","",""
"87.4/2","triagem para encaminhamento ao serviço de saúde específico orientação e aconselhamento psicológico atendimentos psicológicos prestados por empresas conveniadas","","5 anos","","125 anos","","Eliminação","",""
"87.5","RELIGIOSA","","5 anos","","","","Eliminação","",""
"87.5/2","censo religioso","","5 anos","","45 anos","","Eliminação","",""
"87.5/3","processos de habilitação e registros de casamento, batizado e crisma livro tombo","","15 anos","","15 anos","","Guarda permanente","",""
"88","(VAGA)","","","","","","","",""
"89","OUTROS ASSUNTOS REFERENTES A PESSOAL MILITAR","","","","","","","",""
"89.1","SERVIÇOS DE ESCALA","","5 anos","","","","Eliminação","",""
"89.1/2","escalas de serviço","","5 anos","","47 anos","","Eliminação","",""
"89.2","TABELAS MESTRAS","","5 anos","","","","Eliminação","",""
"89.2/2","tabelas individuais e gerais","","Enquanto vigora","","5 anos","","Eliminação","",""
"89.3","CONTROLE DE FREQUÊNCIA","","5 anos","","","","Eliminação","",""
"89.3/2","fichas de controle de efetivos livros de licenciados","","5 anos","","47 anos","","Eliminação","",""
"89.4","DELEGAÇÕES DE COMPETÊNCIA","","5 anos","","","","Eliminação","",""
"89.4/2","atos de delegação relações de encargos colaterais","","Enquanto vigora","","5 anos","","Eliminação","",""